"Lapte 1,6% Aldi R",1,1,1,0,0,44,3,1.6,4.5,0
"Lapte 0,1% Big Panda",1,1,1,0,0,29.7,3.2,0.1,4,0
"Lapte 0,1% degresat Zuzu",1,1,1,0,0,31,3.2,0,4.5,0
"Lapte 0,1% Dorna",1,1,1,0,0,32,3.3,0.1,4.5,0
"Lapte 0,1% Napolact",1,1,1,0,0,32,3.2,0.1,4.5,0
"Lapte 0,1% Oke",1,1,1,0,0,30,3,0.1,4.5,0
"Lapte 0,1% Premium Unicarm",1,1,1,0,0,31,3.2,0.1,4.5,0
"Lapte 0,1% UHT 365 Delhaize",1,1,1,0,0,33,3.3,0.1,4.8,0
"Lapte 0,2% Asturiana",1,1,1,0,0,34,3.2,0.2,4.7,0
"Lapte 0,3% cu cacao Ole Ole Brenac",1,1,1,0,0,64.3,3.4,0.3,12,0
"Lapte 0,3% grasime Pascual",1,1,1,0,0,35,3.1,0.3,5,0
"Lapte 0,5% Ollingegaard eco",1,1,1,0,0,41,4,0.5,4.8,0
"Lapte 0,5% UHT Milli",1,1,1,0,0,35,3.3,0.5,4.5,0
"Lapte 1,3% cu fibre Asturiana",1,1,1,0,0,49,2.8,1.3,4.6,4
"Lapte 1,4% cu cacao Monor",1,1,1,0,0,73,3.1,1.4,11.2,0.3
"Lapte 1,4% cu gust de banane Muller",1,1,1,0,0,76,3.4,1.4,12.5,0.1
"Lapte 1,4% cu gust de vanilie Muller",1,1,1,0,0,79,3.5,1.4,13.2,0
"Lapte 1,5% Aro",1,1,1,0,0,44,3,1.5,4.7,0
"Lapte 1,5% Big Panda",1,1,1,0,0,46,3.3,1.5,4.7,0
"Lapte 1,5% bio Naturmaelk",1,1,1,0,0,50,3.6,1.5,4.9,0
"Lapte 1,5% Boni",1,1,1,0,0,44,3,1.5,4.7,0
"Lapte 1,5% Buna Dimineata",1,1,1,0,0,44,3.2,1.5,4.5,0
"Lapte 1,5% Carm Olimp",1,1,1,0,0,44,3.2,1.5,4.5,0
"Lapte 1,5% Casa Buna Danone",1,1,1,0,0,43,3.2,1.5,4.2,0
"Lapte 1,5% Clever Billa",1,1,1,0,0,44,3,1.5,4.7,0
"Lapte 1,5% cu Omega3 Milli",1,1,1,0,0,43,3,1.5,4.5,0.1
"Lapte 1,5% eco Naturmaelk",1,1,1,0,0,45,3.5,1.5,4.9,0
"Lapte 1,5% grasime Real",1,1,1,0,0,47,3.4,1.5,4.9,0
"Lapte 1,5% JLC",1,1,1,0,0,44,2.8,1.5,4.8,0
"Lapte 1,5% La Dorna",1,1,1,0,0,44,3.2,1.5,4.5,0
"Lapte 1,5% Madeta",1,1,1,0,0,45,3.2,1.5,4.8,0
"Lapte 1,5% Meggle",1,1,1,0,0,45,3.3,1.5,4.8,0
"Lapte 1,5% Milli",1,1,1,0,0,43,3,1.5,4.5,0
"Lapte 1,5% Mizo Bio Farm",1,1,1,0,0,44,3,1.5,4.7,0
"lapte 1,5% Monor",1,1,1,0,0,43,3.2,1.5,4.2,0
"Lapte 1,5% Natura",1,1,1,0,0,47,3.2,1.5,4.5,0
"Lapte 1,5% Oke",1,1,1,0,0,43,3,1.5,4.5,0
"Lapte 1,5% Oly Olympus",1,1,1,0,0,45,3.1,1.5,4.7,0
"Lapte 1,5% Pilos",1,1,1,0,0,44,3.2,1.5,4.5,0
"Lapte 1,5% Poiana Florilor",1,1,1,0,0,44.3,3.2,1.5,4.5,0
"Lapte 1,5% Premio Unicarm",1,1,1,0,0,44,3.1,1.5,4.5,0
"Lapte 1,5% Prodlacta",1,1,1,0,0,44,3.2,1.5,4.5,0
"Lapte 1,5% Raraul",1,1,1,0,0,44.3,3.2,1.5,0,0
"Lapte 1,5% Sapte Munti",1,1,1,0,0,43,2.9,1.5,4.5,0
"Lapte 1,5% Tnuva",1,1,1,0,0,44,3.3,1.5,4.4,0
"Lapte 1,5% UHT Pilos",1,1,1,0,0,45,3.3,1.5,4.8,0
"Lapte 1,5% Viam",1,1,1,0,0,44,3,1.5,4.7,0
"Lapte 1,55 % Asturiana",1,1,1,0,0,45,3.1,1.6,4.7,0
"Lapte 1,6% fara lactoza Kaiku",1,1,1,0,0,38,3.1,1.6,2.9,0
"Lapte 1,8 %Dodo",1,1,1,0,0,49,3.2,1.8,4.8,0
"Lapte 1,8% Bonas",1,1,1,0,0,48,3.2,1.8,4.8,0
"Lapte 1,8% Carm Olimp",1,1,1,0,0,47,3.2,1.8,4.5,0.2
"Lapte 1,8% Panda",1,1,1,0,0,45,3.2,1.8,4,0
Lapte 1.5% Kaufland,1,1,1,0,0,44,3,2,5,0
Lapte 2% Pilos,1,1,1,0,0,50,3.2,2,4.8,0
Lapte 2% Quebon,1,1,1,0,0,52,3.6,2,4.8,0
Lapte 2% Trans Gigel,1,1,1,0,0,47,3.1,2,4.6,0
"Lapte 2,2% Omega 3 Puleva",1,1,1,0,0,55,3.5,2.2,5.2,0
"Lapte 2,5% JLC",1,1,1,0,0,52,2.8,2.5,4.7,0
"Lapte 2,8% + 6 vitamine LaDorna",1,1,1,0,0,56,3.2,2.8,4.5,0
"Lapte 3,2% Alba",1,1,1,0,0,58,2.8,3.2,4.7,0
"Lapte 3,5 % Prado Verde",1,1,1,0,0,65,3.4,3.5,5,0
"Lapte 3,5% Alipende",1,1,1,0,0,61,2.9,3.5,4.4,0
"Lapte 3,5% Boni",1,1,1,0,0,62,3,3.5,4.7,0
"Lapte 3,5% Brenac",1,1,1,0,0,63.1,3.2,3.5,4.7,0
"Lapte 3,5% Cedra Napolact",1,1,1,0,0,62,3.2,3.5,3.5,0
"Lapte 3,5% Clever Billa",1,1,1,0,0,62,3,3.5,4.7,0
"Lapte 3,5% grasime Real",1,1,1,0,0,64,3.3,3.5,4.8,0
"Lapte 3,5% Grifo",1,1,1,0,0,64,3.1,3.5,5.1,0
"Lapte 3,5% JLC",1,1,1,0,0,61,2.8,3.5,4.7,0
"Lapte 3,5% Milli",1,1,1,0,0,60,3,3.5,4.5,0
"Lapte 3,5% Monor",1,1,1,0,0,61,3.2,3.5,4.2,0
"Lapte 3,5% Natura",1,1,1,0,0,62,3.2,3.5,4.5,0
"Lapte 3,5% Oly Olympus",1,1,1,0,0,63,3.1,3.5,4.7,0
"Lapte 3,5% Pilos",1,1,1,0,0,63,3.5,3.5,4.9,0
"Lapte 3,5% Premio Unicarm",1,1,1,0,0,62,3.2,3.5,4.5,0
"Lapte 3,5% Prodlacta",1,1,1,0,0,62,3.1,3.5,4.5,0
"Lapte 3,5% Raraul",1,1,1,0,0,62,3.2,3.5,4.5,0
"Lapte 3,5% UHT Everyday",1,1,1,0,0,64,3.3,3.5,4.8,0
"Lapte 3,5% UHT Milblu",1,1,1,0,0,62,3,3.5,4.6,0
"Lapte 3,5% UHT Muller",1,1,1,0,0,64,3.5,3.5,4.7,0
"Lapte 3,6 % Ram",1,1,1,0,0,64,3.1,3.6,4.7,0
"Lapte 3,6% Asturiana",1,1,1,0,0,63,3.1,3.6,4.6,0
"Lapte 3,6% Intero Coop",1,1,1,0,0,65,3.2,3.6,5,0
Lapte batut,1,1,1,0,0,66,3.4,3.6,4.6,0
Lapte batut  2% Vio,1,1,1,0,0,47,3.2,2,4,0
"Lapte batut 0,1%  Paco Fit",1,1,1,0,0,33.3,3.2,0.1,4.7,0.9
Lapte batut 1% Muller,1,1,1,0,0,38,3.4,0.6,4.2,0
"Lapte batut 1,6% Brenac",1,1,1,0,0,46.8,3.4,1.6,4.7,2
"Lapte batut 1,8% Romfulda",1,1,1,0,0,68,3.2,1.8,3.6,0
Lapte batut 2 %  No. 1 Carrefour,1,1,1,0,0,49,3.2,2,4.7,0
Lapte batut 2 % natural Almsana,1,1,1,0,0,48,3,2,4.2,0
Lapte batut 2% Covalact,1,1,1,0,0,45,3.2,2,3.6,0
Lapte batut 2% Danone,1,1,1,0,0,49,3.6,2,4.1,0
Lapte batut 2% EcoFarm Mandruta,1,1,1,0,0,47,3,2,4,0
Lapte batut 2% Lacteea,1,1,1,0,0,48,3.2,2,4.3,0
Lapte batut 2% Monor,1,1,1,0,0,50.6,3.2,2,4.2,0
Lapte batut 2% Napolact,1,1,1,0,0,48,3.5,2,4,0
Lapte batut 2% Paco,1,1,1,0,0,49.6,3.2,2,4.7,0
Lapte batut 2% Sanlacta,1,1,1,0,0,54,3.7,2,4,0
Lapte batut 2% Sim ,1,1,1,0,0,64,3.2,2,4,0
Lapte Batut 2% Unicarm,1,1,1,0,0,47,3.1,2,4.1,0
"Lapte batut 2,8% Dorolact",1,1,1,0,0,65,3,2.8,4,0
Lapte batut Big Panda,1,1,1,0,0,46.8,3.2,2,4,0
Lapte batut Bucovina,1,1,1,0,0,50,3.2,2,4.5,0
Lapte batut Casa Buna Danone,1,1,1,0,0,43,3.2,1.8,3.5,0
Lapte batut InterAgro,1,1,1,0,0,40.2,3.2,1.8,2.8,0
Lapte batut light Big Panda,1,1,1,0,0,29.7,3.2,0.1,4,0
"Lapte batut Mandra 1,8%",1,1,1,0,0,38,3.5,1.8,3.5,0
Lapte batut Milli,1,1,1,0,0,49,3.6,2,4.1,0
Lapte batut Natura,1,1,1,0,0,48,2,2,4.2,0
Lapte batut Tnuva,1,1,1,0,0,50,3.7,2,4.4,0
Lapte batut Zuzu,1,1,1,0,0,48,3.2,2,4.5,0
"Lapte bio 1,5% fara lactoza SÃ¶bbeke",1,1,1,0,0,46,3.3,1.5,4.9,0
"Lapte bio 1,5% Mega Image",1,1,1,0,0,45,3.2,1.5,4.8,0
"Lapte bio 1,5% Schwarzwaldmilch",1,1,1,0,0,46,3.4,1.5,4.8,0
"Lapte consum 1,5% 365",1,1,1,0,0,44,3.2,1.5,4.5,0
"Lapte covasit 3,3% Covalact",1,1,1,0,0,53,3.2,3.3,2.7,0
Lapte cu aroma de ciocolata Muller,1,1,1,0,0,76,3.5,1.6,12,0.3
Lapte cu aroma de fistic si cocos Muller,1,1,1,0,0,76,3.3,1.4,12.5,0
Lapte cu cacao,1,1,1,0,0,66,3.5,0.5,11.4,0
Lapte cu cacao si gust de ciocolata,1,1,1,0,0,66.3,3.2,1.5,10,0
"Lapte cu cacao si gust de ciocolata 1,5% Zuzu",1,1,1,0,0,66,3.4,1.5,10,0
Lapte cu cacao Tnuva,1,1,1,0,0,91,3.2,3.6,11.5,0
Lapte cu suc de fructe si biscuiti Fulga,1,1,1,0,0,75,3.2,1,13.5,0
Lapte cu suc de portocale si ananas Fulga,1,1,1,0,0,27,0.7,0.1,6,0
Lapte cu suc multi-fruct Fulga,1,1,1,0,0,27,0.7,0.1,6,0
"Lapte de baut 3,2% UHT Winny",1,1,1,0,0,54,1.6,3.2,4.7,0
Lapte de bivolita,1,1,1,0,0,116,5.8,8.5,5.2,0
Lapte de capra,1,1,1,0,0,70,3.6,3.9,4.7,0
Lapte de capra batut Covalact,1,1,1,0,0,47,3.4,2,3.8,0
Lapte de capra bio Bioland,1,1,1,0,0,61,3.1,3.4,4.4,0
"Lapte de consum 1,5% Galacta",1,1,1,0,0,47,3.2,1.5,4.8,0
"Lapte de consum integral 3,5% Kaufland",1,1,1,0,0,62,3,3.5,4.7,0
Lapte de iapa,1,1,1,0,0,42,2.1,0.6,6.7,0
Lapte de oaie,1,1,1,0,0,113,6.1,7.2,5,0
Lapte de soia bio Pascual ,1,1,1,0,0,44,3.1,1.7,4.1,0.5
Lapte de soia Hacendado,1,1,1,0,0,30,3.1,1.7,0.6,0.2
"Lapte de vaca 0,1%",1,1,1,0,0,35.7,3.4,0.1,5.3,0
"Lapte de vaca 1,5%",1,1,1,0,0,50,3.4,1.5,5.3,0
Lapte de vaca 3%,1,1,1,0,0,62,3.4,2.8,5.3,0
"Lapte de vaca 3,6%  Asturiana",1,1,1,0,0,63,3.1,3.6,4.6,0
"Lapte de vaca degresat 0,3% Asturiana",1,1,1,0,0,34,3.2,0.3,4.7,0
"Lapte de vaca gras, pasteurizat",1,1,1,0,0,69,3.4,3.6,5.3,0
"Lapte degresat  0,1% Lacta",1,1,1,0,0,30,3.2,0.1,4.3,0
"Lapte degresat 0,1% Auzu",1,1,1,0,0,31,3.2,0.1,4.5,0
"Lapte degresat 0,2% Asturiana",1,1,1,0,0,34,3.2,0.2,4.7,0
"Lapte degresat LaDorna 0,1%",1,1,1,0,0,32,3.2,0.1,4.5,0
"Lapte din Alpi 1,5% Muller",1,1,1,0,0,47,3.5,1.5,4.9,0
"Lapte dulce 3,2% Pilos",1,1,1,0,0,60,3.1,3.2,4.7,0
"Lapte ecologic 1,5% Bioland",1,1,1,0,0,46,3.4,1.5,4.8,0
"Lapte ecologic 3,5 % LaDorna",1,1,1,0,0,62,3.2,3.5,4.5,0
"Lapte ecologic 3,5% Bioland",1,1,1,0,0,64,3.3,3.5,4.7,0
"Lapte fara lactoza 1,5% Milbona Lidl",1,1,1,0,0,48,3.5,3.8,5,0
Lapte frappe 2% Premio Unicarm,1,1,1,0,0,68,2.8,2,9.8,0
"Lapte integral conservat 3,5% UHT Alpa",1,1,1,0,0,64,3.3,3.5,4.8,0
"Lapte integral standardizat 3,5% Vio",1,1,1,0,0,62,3.3,3.5,4.3,0
"Lapte integral Zuzu 3,5%",1,1,1,0,0,62,3.2,3.5,4.5,0
Lapte LaDorna 1% LadyMilk,1,1,1,0,0,38.6,3.2,1,4.2,0
Lapte pasteurizat 0.1% Natura,1,1,1,0,0,25,3,0.1,4.5,0
Lapte praf  Milumil 1,1,1,1,0,0,485,9.7,24.7,54.1,4.1
Lapte praf 3 prebiotic Humana,1,1,1,0,0,483,11,23.5,55.6,0
Lapte praf cu zahar,1,1,1,0,0,325,8.5,7,54.9,0
Lapte praf integral 26% grasime Clever,1,1,1,0,0,486,26,26,37,0
Lapte praf integral Dr. Oetker,1,1,1,0,0,490,26,26,38,0
Lapte praf partial degresat  Aristocrat,1,1,1,0,0,370,15,15,35,0
"Lapte praf, fara zahar",1,1,1,0,0,139,7,7.5,9.8,0
"Lapte praf, gras",1,1,1,0,0,507,25.5,27,37,0
"Lapte praf, slab",1,1,1,0,0,373,36,2,50.3,0
"Lapte proaspat 0,5% Tnuva Slim",1,1,1,0,0,36,3.4,0.5,4.5,0
"Lapte proaspat 1,8% Gusturi Romanesti",1,1,1,0,0,44,3,1.8,4.4,0
"Lapte proaspat 1,8% Natura",1,1,1,0,0,41,3.6,1.8,4.5,0
Lapte proaspat 3% Natura,1,1,1,0,0,51,3,3,4.5,0
"Lapte semidegresat 1,5% Brenac",1,1,1,0,0,43.9,2.9,1.5,4.7,0
"Lapte semidegresat 1,5% LaDorna",1,1,1,0,0,45,3.2,1.5,4.6,0
"Lapte semidegresat 1,6% Puleva",1,1,1,0,0,45,3,1.6,4.5,0
"Lapte semidegresat 1,7 % Ram",1,1,1,0,0,46,3.1,1.7,4.7,0
"Lapte semidegresat 1,8 % grasime LaDorna",1,1,1,0,0,48.9,3.2,1.8,4.5,0
"Lapte semidegresat 1,8% Sim",1,1,1,0,0,47,3.2,1.8,4.5,0
"Lapte semidegresat 1,8% Vio",1,1,1,0,0,53,3.5,1.8,4.9,0
"Lapte semidegresat conservat 1,5% UHT Alpa",1,1,1,0,0,46,3.4,1.5,4.8,0
"Lapte semidegresat UHT 1,5% Winny",1,1,1,0,0,39,1.6,1.5,4.7,0
"Lapte semidegresat Zuzu 1,5%",1,1,1,0,0,45,3.4,1.5,4.5,0
Lapte si cacao cu gust de ciocolata Fulga,1,1,1,0,0,44,2.9,1,6,0
"Lapte UHT 1,5% Allelat",1,1,1,0,0,44,3,1.5,4.7,0
"Lapte UHT 1,5% Laptina",1,1,1,0,0,44,3.1,1.5,4.6,0
"Lapte UHT integral 3,5% La Dorna",1,1,1,0,0,62,3.2,3.5,4.5,0
"Lapte UTH  degresat 0,1% Fulga",1,1,1,0,0,31.7,3.2,0.1,4.5,0
Lapte UTH  integral 3.5% Fulga,1,1,1,0,0,60.5,3.2,3.5,4.5,0
"Lapte UTH  semidegresat 1,5% Fulga",1,1,1,0,0,44.3,3.2,1.5,4.5,0
"Lapte UTH  semidegresat 1,8% Fulga",1,1,1,0,0,47,3.2,1.8,4.5,0
"Lapte1,5% Milblu K Classic",1,1,1,0,0,45,3.4,1.5,4.5,0
"Sana 0,1% light Monor",1,1,1,0,0,32.7,3.3,0.1,4.4,0
"Sana 0,8%  cu visine Napolact",1,1,1,0,0,64,2.9,0.8,11.3,0
Sana 2% No.1 Carrefour,1,1,1,0,0,49.6,3.2,2,4.7,0
"Sana 2,5 % Almsana",1,1,1,0,0,65,3.2,2.5,4,0
"Sana 2,5% Galacta",1,1,1,0,0,50.5,3,2.5,4,0
"Sana 2,5% Margareto",1,1,1,0,0,54,3.2,2.5,4.7,0
Sana 3% Eco Mandruta,1,1,1,0,0,47,3.2,3,4,0
"Sana 3,5% Five Continents",1,1,1,0,0,60,3,3.5,4,0
"Sana 3,5% Napolact prilej de ragaz ",1,1,1,0,0,62,3.5,3.5,4,0
"Sana 3,5% Nutriday Danone",1,1,1,0,0,62,3.5,3.5,3.8,0
"Sana 3,5% Sim",1,1,1,0,0,61,3.2,3.5,0,0
"Sana 3,5% Unicarm",1,1,1,0,0,62,3.2,3.5,4,0
"Sana 3,6% Boni",1,1,1,0,0,59.6,3.3,3.6,3.5,0
"Sana 3,6% Carrefour",1,1,1,0,0,63.2,3.2,3.6,4.5,0
"Sana 3,6% Covalact",1,1,1,0,0,62,3.3,3.6,4,0
"Sana 3,6% LaDorna",1,1,1,0,0,64,3.1,3.6,4.7,0
"Sana 3,6% Monor",1,1,1,0,0,65.5,3.2,3.6,4.5,0
Sana bio activ Big Panda,1,1,1,0,0,61.2,3.2,3.6,4,0
Sana Bradet,1,1,1,0,0,57,4,3,3.5,0
Sana cu coacaze Prilej de Ragaz Napolact,1,1,1,0,0,81,2.5,2.7,11.8,0
Sana cu fructe Tnuva Sana Mea,1,1,1,0,0,70,3.9,3.6,5.5,0
Sana cu miere si alune de padure Napolact,1,1,1,0,0,95,2.6,3.4,13.6,0
Sana cu miere si nuci Napolact,1,1,1,0,0,97,2.7,3.5,13.6,0
Sana fructe Tnuva,1,1,1,0,0,86,2.9,2,14.1,0
Sana mea cu capsuni Tnuva,1,1,1,0,0,85,2.9,2,13.9,0
Sana Meridian Agroind,1,1,1,0,0,55.5,3.2,2.8,4,0
Sana Natura,1,1,1,0,0,31,4,3.6,4.5,0
Sana omega 3 Milli,1,1,1,0,0,61,3.3,3.5,4,0
Sana Tnuva,1,1,1,0,0,70,3.9,3.6,5.5,0
"Sana usoara 0,9% Napolact ",1,1,1,0,0,38,3.4,0.9,4,0
Sana Valea Stramba,1,1,1,0,0,62,3.2,3.6,4.2,0
Sana Zuzu,1,1,1,0,0,48,3.2,2,4.5,0
"Sana Zuzu 3,6%",1,1,1,0,0,63,3.2,3.6,4.5,0
Amestec branzeturi maturate Agriform,1,0,1,0,0,390,35,26.5,3,0
Aperitive de branza Delaco,1,0,1,0,0,327,9,31,3,0
Batoane mozzarella Cheesetrings Ficello,1,1,1,0,0,285.7,28.5,19,0,0
Bbranza brie cu mucegai Cambozola,1,0,1,0,0,434,13.5,42,0.5,0
"Branza 0,4% Line Korniger Frischkase",1,0,1,0,0,72,15.5,0.4,1.6,0
Branza 10% Fagaras Monor,1,0,1,0,0,138,7,10,4,0
"Branza 4,2% Fagaras Monor",1,0,1,0,0,123,7.2,8.2,4.2,0
Branza 5% Fagaras Lacteea,1,0,1,0,0,99,10,5,3.5,0
Branza afumata Scamorza Alpilatte,1,0,1,0,0,288,22,22,0.5,0
Branza alba natur 20% Milbona,1,0,1,0,0,75,7.8,3.3,3.5,0
Branza albastra bio Castello,1,0,1,0,0,430,13,42,0.1,0
Branza albastra Danish blue cheese Castello,1,0,1,0,0,400,17,37,0,0
Branza albastra Danish Blue Cheese Original Castello,1,0,1,0,0,340,19,29,0.1,0
Branza Batido Aldi R,1,0,1,0,0,73,7.9,3.2,3.1,0
Branza Brie,1,0,1,0,0,337,20.8,27.7,0.5,0
Branza Brie 365,1,0,1,0,0,349,17,31,0.5,0
Branza brie Castello,1,0,1,0,0,296,19,24,1,0
Branza Brie Hochland,1,0,1,0,0,360,17,32,1,0
Branza brie light Chene d'argent Lidl,1,0,1,0,0,187,22,11,0.1,0
Branza Brie Louis d'Or,1,0,1,0,0,363,16.5,33,0.1,0
Branza Brie President,1,0,1,0,0,315,21,22,0,0
Branza Brie Princip!,1,0,1,0,0,290,21,23,0,0
Branza Brie Vian,1,0,1,0,0,365,17,32.5,1,0
Branza burduf 40% Pilos,1,0,1,0,0,298,16,22,8,0
Branza burduf Ardeleanca,1,0,1,0,0,251,18,19,2,0
Branza burduf Biomilk,1,0,1,0,0,284,20,22,1,0
Branza burduf de Ibanesti,1,0,1,0,0,328,0,45,0,0
Branza burduf Napolact,1,0,1,0,0,256,17,20,2,0
Branza burduf Premio Unicarm,1,0,1,0,0,305,20,25,0.1,0
Branza burduf Raraul,1,0,1,0,0,280,20,22,0,0
Branza burduf Solomonescu,1,0,1,0,0,310,18,22.5,4.5,0
Branza Camembert,1,0,1,0,0,308,21.5,23,1.5,0
Branza Camembert Alpenmark,1,0,1,0,0,280,20,22,0.4,0
Branza Camembert Carrefour,1,0,1,0,0,265,19,21,0.1,0
Branza Camembert From'Dor,1,0,1,0,0,287,22,22,0.3,0
Branza Camembert Goldsteig,1,0,1,0,0,349,17.5,31,0.1,0
Branza Camembert Striegistaler Zwerge,1,0,1,0,0,280,20,22,0.5,0
Branza capra Caprillice,1,0,1,0,0,252,15,20,3,0
Branza capra eco. Tebstrup,1,0,1,0,0,337,19.9,27.9,2,0
Branza capra maturata,1,0,1,0,0,452,30.5,35.6,2.2,0
Branza capra maturata Real,1,0,1,0,0,198,13.1,15.8,1,0
Branza capra Soignon,1,0,1,0,0,152,10,12,0,0
Branza Certosa Galbani,1,0,1,0,0,278,14.5,23.5,2,0
Branza Cheddar,1,0,1,0,0,403,24.9,33.1,1.3,0
Branza cheddar bio Natural English Grandma Singletons,1,0,1,0,0,399,23.8,33.7,0.1,0
Branza cheddar Deluxe Lidl,1,0,1,0,0,410,25,34,0.1,0
Branza cheddar seriously strong McLelland,1,0,1,0,0,410,25,34.4,0.1,0
"Branza cottage 2,2% dietetica Linessa",1,0,1,0,0,83,12.7,2.2,3.1,0
Branza cottage 3% Exquisa,1,0,1,0,0,83,13,3,1,0
Branza cottage 365 ,1,0,1,0,0,103,11,5.5,2.5,0
Branza cottage 4% Premio Unicarm,1,0,1,0,0,84,11,4,1,0
"Branza Cottage 4,5% Fricheso",1,0,1,0,0,96,12,4.5,2.5,0
Branza Cottage 5% grasime Tnuva,1,0,1,0,0,93,10.5,5,1.5,0
Branza cottage Arla,1,0,1,0,0,70,11,1.5,3,0
Branza cottage Arla eco.,1,0,1,0,0,100,13,4.5,2.5,0
Branza Cottage Cheese Danone ,1,0,1,0,0,92,11.9,3.9,2.2,0
Branza Cottage Cheese light 2.2% Danone,1,0,1,0,0,81,12.4,2.2,3,0
Branza cottage cheese Longley Farm,1,0,1,0,0,104,10.3,6,2.2,0
"Branza cottage cheese low fat 2,2% Linessa Lidl",1,0,1,0,0,83,12.7,2.2,3.1,0
Branza Cottage cu ardei gras rosu 5% Tnuva,1,0,1,0,0,101,10.8,5,2.9,0.6
Branza cottage cu masline verzi Mega Image,1,0,1,0,0,105,10.9,4.9,4,0.2
Branza cottage cu masline verzi Tnuva,1,0,1,0,0,101,11.9,5,2.1,0.4
Branza Cottage Exquisa,1,0,1,0,0,97,13,4.3,1.5,0
Branza Cottage Goldessa,1,0,1,0,0,103,13,5,3,0
Branza Cottage Hochland,1,0,1,0,0,104,12.3,4.8,2.9,0.5
Branza cottage Kingfrais,1,0,1,0,0,105,12.5,4.5,3,0
"Branza Cottage light 2,2% Hochland",1,0,1,0,0,81,12.4,2.2,3,0
Branza cottage marar si usturoi Tnuva,1,0,1,0,0,93,10.5,5,1.5,0
Branza Cottage Sainsbury's,1,0,1,0,0,111,9.2,6,4.8,0.4
Branza cottage Tesco,1,0,1,0,0,75,10.8,1.3,4.7,0
Branza Cottage Tnuva,1,0,1,0,0,126,10,9,1.2,0
Branza Cottage Tnuva Slim,1,0,1,0,0,62,11,2,1.8,0
Branza cremoasa din lapte de capra Delaco,1,0,1,0,0,290,22,21,1,0
Branza cremoasa natural Hacendado,1,0,1,0,0,243,4.7,23,4.1,0.2
Branza cu capsuni Quark Dessert Exquisa,1,0,1,0,0,134,5.2,6,14.9,0
"Branza cu gust de lapte Miez de lapte 0,2% Delaco",1,0,1,0,0,66,12,0.2,4,0.6
Branza cu mucegai albastru Danish Blue Chees Danablu St. Clemens,1,0,1,0,0,360,21,28,1,0
Branza cu mucegai albastru nobil Hochland Bleu,1,0,1,0,0,415,15,39,1,0
Branza cu mucegai Danish blue cheese Viking,1,0,1,0,0,340,20,29,1,0
Branza cu mucegai nobil albastru Gran Bavarese,1,0,1,0,0,339,21.5,27.9,1,0
Branza cu usturoi Boursin,1,0,1,0,0,406,8.5,40,3,0.2
Branza cu usturoi si ierburi Le Roule,1,0,1,0,0,300,7.8,27.3,4.1,1.3
Branza cu verdeata 365 Mega Image,1,0,1,0,0,241,6,23,2.5,0
Branza d vaca proaspata Stracchino Nonno Nanni,1,0,1,0,0,295,12.5,26.5,1.5,0
Branza daneza,1,0,1,0,0,450,6,19,62,1
Branza daneza feliata Sanebebel,1,0,1,0,0,323,23.5,25,0.1,0
Branza de burduf,1,0,1,0,0,369,27.4,27.4,0.5,0
Branza de burduf afumata Rodna,1,0,1,0,0,327,25,25,0.1,0
Branza de burduf Albalact,1,0,1,0,0,280,20,22,0,0
Branza de burduf Calion,1,0,1,0,0,285,21.5,23.4,0.5,0
Branza de burduf Carrefour,1,0,1,0,0,260,16,18,8,0
Branza de burduf Coliba Ciobanasului,1,0,1,0,0,489,20,45,1,0
Branza de burduf Hochland,1,0,1,0,0,272,18,22,0.5,0
Branza de burduf oaie si vaca Unilact,1,0,1,0,0,260,16,16,13,0
Branza de Burgos ,1,0,1,0,0,199,10.7,15.5,3.6,1.5
"Branza de Burgos 0,1% Alipende",1,0,1,0,0,71,13,0.1,4,0
Branza de capra cu ierburi LaColline,1,0,1,0,0,300,20,25,0,0
Branza de capra cu verdeata Delaco,1,0,1,0,0,296,22,22,1,0
Branza de capra Hacendado,1,0,1,0,0,370,17,32,3.6,0.5
Branza de capra Petit Chebra,1,0,1,0,0,302,19,25,0.2,0
Branza de capra Schaerdinger,1,0,1,0,0,374,26,30,0,0
Branza de oaie,1,0,1,0,0,283,18.2,21.1,3,0
"Branza de vaca 0,1% Albalact",1,0,1,0,0,20,2,0.1,3,0
Branza de vaca Apetina Arla,1,0,1,0,0,260,15,22,0.2,0
Branza de vaca cu aroma vanilie Galacta,1,0,1,0,0,155,18.5,4.2,11,0
Branza de vaca grasa,1,0,1,0,0,285,11.5,24.9,1.5,0
Branza de vaca grasa 28% Olay,1,0,1,0,0,310,13,28,1.5,0
Branza de vaca proaspata dietetica Galacta,1,0,1,0,0,77,16,1,1,0
Branza de vaca semi-grasa,1,0,1,0,0,147,16.2,7,3.7,0
Branza de vaca slaba,1,0,1,0,0,78,14.1,0.5,3.8,0
Branza de vaca Talia Olympus,1,0,1,0,0,260,17,21,0.6,0
Branza de vaci,1,0,1,0,0,201,17.9,12.2,3.5,0
Branza de vaci cremoasa Dr. Oetker,1,0,1,0,0,82,10.2,3,3.6,0
Branza de vaci cu ardei gras Raraul,1,0,1,0,0,104,10.3,5.2,4.2,0.2
Branza de vaci cu ceapa verde Raraul,1,0,1,0,0,103,10.4,3.6,5.3,0.1
Branza de vaci cu visine Raraul,1,0,1,0,0,126,9.2,5.3,10.6,1
"Branza de vaci degresata 0,2% Alpa",1,0,1,0,0,71,12.5,0.2,4.1,0
"Branza de vaci dietetica 0,2% Hochland",1,0,1,0,0,67,12.7,0.2,3.7,0
Branza de vaci Hochland,1,0,1,0,0,96,11.3,4,3.6,0
Branza de vaci Moldovita Raraul,1,0,1,0,0,103,10.2,3.6,5.3,0
"Branza de vaci partial degresata 4,7%  Pilos",1,0,1,0,0,133,18.7,4.7,3.7,0
"Branza de vaci pentru prajituri, clatite si galusti umplute 6% Pilos",1,0,1,0,0,119,11,6.5,4,0
Branza de vaci Petit Suisse,1,0,1,0,0,132,9,9.2,3.4,0
Branza de vaci slaba 0.5% Covalact de Tara,1,0,1,0,0,81,17,0.5,2,0
Branza de vaci slaba 1% Covalact de Tara,1,0,1,0,0,85,17,1,2,0
Branza de vaci su smantana Raraul Roua Diminetii,1,0,1,0,0,103,10.2,5.3,3.6,0
"Branza degresata 0,5% Cora",1,0,1,0,0,81,16,0.5,3,0
Branza Derby,1,0,1,0,0,285,16.7,23.4,1.6,0
"Branza dietetica de vaca 0,1% Lacteea Slim",1,0,1,0,0,68,12.3,0.1,3.5,0
"Branza dietetica de vaca 0,2% Lacteea",1,0,1,0,0,67,12.3,0.2,4.1,0
Branza dietetica Natura,1,0,1,0,0,176,13,5,10,0
Branza dietetica proaspata de vaci Raraul,1,0,1,0,0,85,17,0.6,3,0
Branza double cream Akadia,1,0,1,0,0,240,8.5,21,3,0
"Branza dulce 0,5 % Burgos Dia",1,0,1,0,0,68,11.5,0.5,4,0
Branza dulce Burgos natural Mama Louise,1,0,1,0,0,118,11,6.5,4,0
Branza Edamer Bluedino,1,0,1,0,0,334,25,26,0,0
Branza Emmentaler Scheiben Campus,1,0,1,0,0,388,30.5,29.5,0.1,0
Branza Exquisa Quark and Frucht,1,0,1,0,0,90,6,2.9,9.7,0
Branza Exquisa Quark cu straciatella,1,0,1,0,0,99,6.4,1.7,14.4,0
Branza Fagaras 11% Lactag,1,0,1,0,0,109,11.5,11,2.2,0
Branza Fagaras 3% Raraul,1,0,1,0,0,87,11.6,3,3.5,0
"Branza Fagaras 5,3% Pilos",1,0,1,0,0,103,10.2,5.3,3.6,0
Branza Fagaras 6% Lactag,1,0,1,0,0,77.2,3.6,6,2.2,0
Branza Fagaras Aro,1,0,1,0,0,106,13,6,3.5,0
Branza Fagaras Bonas,1,0,1,0,0,146,13,6,10,0
Branza Fagaras Bueno,1,0,1,0,0,109,11.5,11,2.2,0
Branza Fagaras Coliba Ciobanasului,1,0,1,0,0,126,9,7.8,4.2,0
Branza Fagaras Covalact,1,0,1,0,0,116,8.5,8,2.6,0
Branza Fagaras Gusturi Romanesti,1,0,1,0,0,138,7.4,10.3,3.9,0
Branza Fagaras Hochland,1,0,1,0,0,121,11.2,7,3.2,0
Branza Fagaras K-classic,1,0,1,0,0,154,11.5,11,2.2,0
Branza Fagaras Lactate Harghita,1,0,1,0,0,147,9,11,3,0
Branza Fagaras Lacteea,1,0,1,0,0,149,7.7,10,3.7,0
Branza Fagaras LaDorna,1,0,1,0,0,180,7.9,15.8,1.4,0
Branza fagaras Milli,1,0,1,0,0,146,13,6,10,0
Branza Fagaras Napolact,1,0,1,0,0,146,13,6,10,0
Branza Fagaras Natura,1,0,1,0,0,180.7,2.2,18,2,0
Branza Fagaras Raraul,1,0,1,0,0,103,10.2,5.3,3.6,0
Branza Fagaras usoara Covalact De Tara,1,0,1,0,0,94,9.4,5,3,0
Branza Fagaras Winny,1,0,1,0,0,69,13,6,3.5,0
Branza feliata emmentaler Apetito,1,0,1,0,0,210,14.5,14,6.5,0
Branza feliata emmentaler Delaco,1,0,1,0,0,217,16,13,9,0
Branza feliata Klovborg,1,0,1,0,0,320,24,25,0.1,0
Branza felii Emmetaler Alphorn,1,0,1,0,0,275,14,23,3,0
Branza felii Gouda Benjamin Milram,1,0,1,0,0,357,24,29,0,0
Branza felii light Alphorn,1,0,1,0,0,212,20,12,6,0
Branza fermentata Gusturi Roamanesti Mega Image,1,0,1,0,0,303,20.2,23.5,0.3,0
Branza fermentata Nasal Napolact,1,0,1,0,0,307,19,25,1.5,0
Branza feta,1,0,1,0,0,264,14.2,21.3,4.1,0
Branza feta Akadia,1,0,1,0,0,230,10,19,5,0
Branza feta Al Marai,1,0,1,0,0,178,14.5,10,4.5,0
Branza feta Aldi R,1,0,1,0,0,282,20,22,1,0.1
Branza feta bio Andechser,1,0,1,0,0,280,15,24,1,0
Branza feta El Ventero,1,0,1,0,0,212,11.7,16.8,3.6,0
Branza feta greceasca Attis,1,0,1,0,0,300,18,23,1.5,0
Branza feta Irma,1,0,1,0,0,240,17,19,0.5,0
Branza feta LaDorna,1,0,1,0,0,237,16.5,18.9,0.7,0
Branza Feta Olympus,1,0,1,0,0,276,16.5,23,0.7,0
Branza feta premium Almarai,1,0,1,0,0,213,12.5,16.5,4,0
Branza feta Princip!,1,0,1,0,0,275,16,23,1,0
Branza Fiocco di Latte cottage Bayernland,1,0,1,0,0,92,13,4,1,0
Branza gorgonzola inteso Galbani,1,0,1,0,0,327,19.4,28.4,0,0
Branza gouda Bluedino Lidl,1,0,1,0,0,334,25,26,0,0
Branza Gouda Gold,1,0,1,0,0,400,23,30,0,0
Branza Gouda light 365,1,0,1,0,0,272,30,17,0.8,0
Branza Gouda Milbona,1,0,1,0,0,365,23,30,0,0
Branza Gouda Mini Babybel,1,0,1,0,0,381,23.8,28.6,0,0
Branza grasa de vaca  Lacteea,1,0,1,0,0,102,11,4.5,4.3,0
Branza grasa de vaca 20% in substanta uscata Lacteea ,1,0,1,0,0,97,10.8,4.4,3.6,0
Branza grasa de vaca Milli,1,0,1,0,0,161,16.8,7.5,6.5,0
Branza grasa de vaci Premio Unicarm,1,0,1,0,0,138,15,8,1.5,0
Branza grasa de vaci Prodlacta Brasov,1,0,1,0,0,137,15,8,1.3,0
Branza grasa proaspata de vaca Milli Perfecto,1,0,1,0,0,161,16.8,7.5,6.5,0
Branza grasa proaspata de vaci Raraul,1,0,1,0,0,157,17,2,9,0
Branza grasa proaspata Napolact,1,0,1,0,0,152,17,8,3,0
Branza grattugiato Antichi Maestri,1,0,1,0,0,384,33,28,0,0
Branza grill Akadia,1,0,1,0,0,245,17,19,3,0
Branza Gruyere,1,0,1,0,0,413,29.8,32.3,0.4,0
Branza halloumi,1,1,1,0,0,321,21.4,25,3.6,0
Branza italieneasca pentru paste Napolact,1,0,1,0,0,349,35,26,1.5,0
Branza Jarlsberg,1,0,1,0,0,351,27,27,0,0
Branza Korniger Frischkase,1,0,1,0,0,92,13,4,1,0
Branza light 0% Burgo de Arias,1,0,1,0,0,66,12,0.2,3.8,0.6
Branza light Burgo de Arias,1,0,1,0,0,66,12,0.2,4,0
Branza light El Ventero,1,0,1,0,0,267,19.9,19.8,2.2,0
Branza light felii Gouda Linessa,1,0,1,0,0,256,28,16,0,0
Branza Liptauer,1,0,1,0,0,317,12,29,2,0
Branza Ma Raclette Entremont,1,0,1,0,0,348,24,28,0.5,0
Branza Maasdamer,1,0,1,0,0,347,26,27,0.5,0
Branza Madrigal President,1,0,1,0,0,357,25,29,4,0
Branza Mascarpone Agriform,1,0,1,0,0,411,3.6,42,4.6,0
Branza Mascarpone Aldi R,1,0,1,0,0,392,4.5,40,3.5,0
Branza mascarpone Exquisa,1,0,1,0,0,365,5,36.5,4,0
Branza mascarpone Galbani,1,0,1,0,0,412,4.8,41.5,4.8,0
Branza mascarpone Lovilio,1,0,1,0,0,355,5.8,36,3,0
Branza mascarpone Naturella,1,0,1,0,0,374,5,37.5,4,0
Branza maturata Jacobsen,1,0,1,0,0,340,26,26,1.6,0
Branza Milfina,1,0,1,0,0,271,12,23,4,0
Branza moale cu chili Goldessa,1,0,1,0,0,447,14,43.3,0.3,0
Branza moale cu mascarpone Pilos,1,0,1,0,0,276,10,24,5,0
Branza moale sarata 18% Pilos,1,0,1,0,0,218,10,18,4,0
Branza mozzarella bio Urtekram,1,0,1,0,0,219,17,16.5,0.7,0
Branza mozzarella Bonas,1,0,1,0,0,256,16,20,3,0
Branza mozzarella eco Vitoria,1,0,1,0,0,284,16,24,1,0
Branza mozzarella Monor,1,0,1,0,0,217,18,15,1,0.1
Branza mozzarella Real,1,0,1,0,0,294,23,22,1,0
Branza mozzarella Zottarella,1,0,1,0,0,247,17.5,19,1.5,0
Branza mozzarella Zottarella Light,1,0,1,0,0,157,19,8.5,1,0
Branza Munster,1,0,1,0,0,317,20,26,1,0
Branza pentru prajit Borcea,1,1,1,0,0,340,22,24,3,0
Branza pentru salata Danish White Arla,1,0,1,0,0,243,11,21,2.5,0
Branza perle Campus,1,0,1,0,0,92,13,4,1,0
Branza perle cu smantana LaDorna 2%,1,0,1,0,0,74,13,2,1,0
Branza Philadelphia Duo,1,0,1,0,0,300,5.9,28,4.6,0.9
Branza poraspata 0.25% Quark,1,0,1,0,0,60,12,0,3,0
Branza proaspata 0% grasime de vaca ProdLacta,1,0,1,0,0,73,17,0,1.3,0
"Branza proaspata 0,2% Bioland",1,0,1,0,0,53,9.6,0.2,3.1,0
"Branza proaspata 0,2% Delaco",1,0,1,0,0,70,12.3,0.2,4.1,0
Branza proaspata 18% JLC,1,0,1,0,0,229,14,18,2.8,0
Branza proaspata 365,1,0,1,0,0,279,6,27,4,0
Branza proaspata Burgos ,1,0,1,0,0,165,9.2,12.7,3.6,0
Branza proaspata cu hrean Exquisa,1,0,1,0,0,225,5.5,0,3.5,0
Branza proaspata cu smantana Pilos,1,0,1,0,0,101,11,5,2.8,0
Branza proaspata cu verdeata Schnittlauch ,1,0,1,0,0,103,12.5,4.5,3,0
"Branza proaspata de vaca  0,1% Albalact",1,0,1,0,0,80,17,0.1,3,0
Branza proaspata de vaca Bonas,1,0,1,0,0,72,14,0.2,3.5,0
Branza proaspata de vaca grasa Natura,1,0,1,0,0,203,13,8,10,0
"Branza proaspata de vaci 0,5% dietetica Bueno",1,0,1,0,0,68.5,15,0.5,1,0
Branza proaspata de vaci 2% JLC,1,0,1,0,0,93,17,2,1.8,0
Branza proaspata de vaci 20% Bio Spar,1,0,1,0,0,97,10.8,4.4,3.6,0
Branza proaspata de vaci 5% JLC,1,0,1,0,0,120,17,5,1.8,0
Branza proaspata de vaci 5% Mega Image,1,0,1,0,0,100,11,5,3,0
Branza proaspata de vaci Auchan,1,0,1,0,0,73,15,1,1,0
Branza proaspata de vaci cu ananas Pilos,1,0,1,0,0,153,8,5,19,0
Branza proaspata de vaci cu ceapa si usturoi Pilos,1,0,1,0,0,129,9.2,8,5,0
Branza proaspata de vaci cu smantana Fagaras Friss,1,0,1,0,0,95,9.4,5,3,0
Branza proaspata de vaci cu smantana Fagaras Prodlacta,1,0,1,0,0,111,13,6,1.3,0
Branza proaspata de vaci dietetica 1% Big Panda,1,0,1,0,0,101,13,1,10,0
Branza proaspata de vaci Winny,1,0,1,0,0,69,17,5,3.5,0
Branza proaspata degresata de vaca Napolact,1,0,1,0,0,164,13,8,10,0
Branza proaspata Delaco,1,0,1,0,0,100,10.8,4.4,3.6,0
Branza proaspata dietetica Lactag,1,0,1,0,0,68.5,15,0.5,1,0
Branza proaspata dietetica Natura,1,0,1,0,0,123,13,1,10,0
Branza proaspata felii Exquisa,1,0,1,0,0,316,9.7,29.5,3,0
Branza proaspata grasa Natura,1,0,1,0,0,164,13,8,10,0
Branza proaspata Provence Buko,1,0,1,0,0,192,8.1,16.5,0,0
Branza proaspata Robiola Nonno Nanni,1,0,1,0,0,307,6,30.5,2,0
Branza proaspata sarata 12% Pilos,1,0,1,0,0,176,14,12,3,0
Branza proaspata slaba cu iaurt Exquisa,1,0,1,0,0,83,13,3,1,0
Branza proaspata slaba de vaca Clever,1,0,1,0,0,67,12.3,0.2,4.1,0
Branza proaspata tartinabila Kaufland,1,0,1,0,0,247,6,23.5,2.8,0
Branza Provolone Auricchio,1,0,1,0,0,398,25,33,0.2,0
Branza quark 20% Milbona,1,0,1,0,0,71,7.8,2.9,3.5,0.1
Branza Quark Exquisa 0.2%,1,0,1,0,0,48,8,0.2,3.5,0
Branza ricotta,1,0,1,0,0,174,11.3,13,3,0
Branza Ricotta Carrefour,1,0,1,0,0,101,7,6.5,3.7,0
Branza ricotta Cora,1,0,1,0,0,125,8,9,3,0
Branza ricotta Delhaize,1,0,1,0,0,150,7.5,12,3,0
Branza ricotta fresca Merivio,1,0,1,0,0,156,8,12,5,0
Branza ricotta Galbani,1,0,1,0,0,165,7.6,13.3,3.6,0
Branza ricotta Granarolo,1,0,1,0,0,156,8.5,12,3.5,10
Branza Ricotta Premio Unicarm,1,0,1,0,0,181,9,15,2.6,0
Branza ricotta Prestigio,1,0,1,0,0,163.6,9,12.7,3.6,0
Branza Roquefort,1,0,1,0,0,369,21.5,30.6,2,0
Branza scamorza ValBonta,1,0,1,0,0,306,21,24,1.5,0
Branza slaba,1,0,1,0,0,76.1,14.1,0.5,3.8,0
Branza slaba de vaca 1% Lactate Harghita,1,0,1,0,0,85,17,1,2,0
Branza slaba de vaca 1% Milli Perfecto,1,0,1,0,0,95,17,1,4.5,0
Branza slaba de vaca Milli,1,0,1,0,0,100,13,1,10,0
"Branza slaba de vaci 0,5% Unicarm",1,0,1,0,0,72,14,0.5,3,0
Branza tartinabila bio cu verdeturi Andechser,1,0,1,0,0,215,6.2,19.6,3.1,0
Branza tartinabila Fricheso Balance,1,0,1,0,0,167,7,14,3,0
Branza telemea maturata de vaca Hochland,1,0,1,0,0,279,15,24,0.7,0
Branza telemea maturata din lapte de capra pasteurizat Pilos,1,0,1,0,0,270,15,23,0.7,0
Branza Tilsiter felii Hochland,1,0,1,0,0,380,20,33,0,0
Branza topita 13% Hochland Fitness,1,0,1,0,0,189,12,13,0,0
Branza topita Bon Area lonchas,1,0,1,0,0,275,11.5,22.2,7.4,0
Branza topita Bonarea,1,0,1,0,0,209,9,17,5,0
Branza topita cascaval felii Hochland,1,0,1,0,0,283,15,23,4,0
Branza topita cheeseburger felii Hochland,1,0,1,0,0,279,14,23,4,0
Branza topita cu cascaval Fulga,1,0,1,0,0,277.6,12.6,22.8,5.5,0
Branza topita cu ciuperci President,1,0,1,0,0,241,9.7,25,3.9,0
Branza topita cu iaurt Kiri,1,0,1,0,0,255,9.5,23,2,2
Branza topita cu smantana Albalact,1,0,1,0,0,150,15,9,4.5,0
Branza topita cu smantana Apetito Kidiboo,1,0,1,0,0,210,10,17.2,3.8,0
Branza topita cu smantana Fulga,1,0,1,0,0,276.1,12.4,22.8,5.4,0
Branza topita cu smantana Hochland,1,0,1,0,0,244,7,20,5,1
Branza topita cu smantana Oke,1,0,1,0,0,280,7.5,22,7.5,0
Branza topita cu smantana Premio Unicarm,1,0,1,0,0,258,7.5,22,7.5,0
Branza topita cu sunca Coliba Ciobanasului,1,0,1,0,0,152,5,12,5,6
Branza topita cu sunca feliata Vian,1,0,1,0,0,247,15,19,4,0
Branza topita cu sunca felii Hochland,1,0,1,0,0,279,16,23,2,0
Branza topita cu sunca Fulga,1,0,1,0,0,281.2,13.8,23.3,4.3,0
Branza topita cu sunca Premio Unicarm,1,0,1,0,0,199,7.5,15,7.5,0
Branza topita degresata 365,1,0,1,0,0,188,16,12,4,0
Branza topita emmentaler Delaco,1,0,1,0,0,256,12,20,7,0
Branza topita feliata Apetito Delaco,1,0,1,0,0,217,16,13,9,0
Branza topita feliataAlipende,1,0,1,0,0,280,14.1,22,6.5,0
Branza topita felii ementaler Hochland,1,0,1,0,0,344,19,28,4,0
Branza topita felii Fitness Hochland,1,0,1,0,0,211,14,15,5,0
Branza topita felii gouda Hochland,1,0,1,0,0,340,19,28,3,0
Branza topita felii Tenery,1,0,1,0,0,283,14,23,5,0
Branza topita Hochland cu smantana felii,1,0,1,0,0,287,16,23,4,0
Branza topita Hochland triunghiuri,1,0,1,0,0,277,9,25,4,0
Branza topita Kidiboo Apetito,1,0,1,0,0,319,8,31,2.5,0
Branza topita La Vache Qui Rit,1,0,1,0,0,248,11,20,6,0
Branza topita light Alphorn Plus,1,0,1,0,0,212,20,12,6,0
Branza topita light feliata Delaco,1,0,1,0,0,200,16,12,7,0
Branza topita light feliata Sabanitas Hochland,1,0,1,0,0,186,19,9.5,6,0
Branza topita light felii Vian,1,0,1,0,0,204,17,12,7,0
Branza topita light La Vache Qui Rit,1,0,1,0,0,145,14,7,6.5,5
Branza topita light lonchas,1,0,1,0,0,259.5,14.5,21,3.1,0
Branza topita mixta La Dorna,1,0,1,0,0,290.6,14,25,2.4,0
Branza topita mixta light Alphorn Plus,1,0,1,0,0,170,13,10,7,0
Branza topita Mixtet Lacteea,1,0,1,0,0,302,13.5,27,4,0
Branza topita pentru toast simpla Almtaler,1,0,1,0,0,279,14,23,4,0
Branza topita smantana Delaco,1,0,1,0,0,140,11,8,6,0
Branza topita sunca SuperCremo Apetito,1,0,1,0,0,261,11,22,5,0
Branza topita super cremo cu smantana Apetito,1,0,1,0,0,210.3,14.5,14,6.5,0
Branza topita triunghi Kidiboo,1,0,1,0,0,210,10,17.2,3.8,0
Branza topita Vian ,1,0,1,0,0,302,13.5,27,1.2,0
Branza Trenta,1,0,1,0,0,330,29,24,0,0
Branza vaca Dia,1,0,1,0,0,379,22.1,32.2,0.1,0
Branza vaca Karabuiar Bulgaria,1,0,1,0,0,266,17,22,0,0
Branza vaca proaspata Schwarzwaldmilch bio Quark,1,0,1,0,0,67,12.7,0.2,3.7,0
Branza vaci 20% Kaufland,1,0,1,0,0,133,15.5,5,6.5,0
"Branza vaci dietetica 0,1% vrac Raraul",1,0,1,0,0,80,17,0.1,3,0
Branza vaci Oke,1,0,1,0,0,148,15,6,7,0
Branzica Cottage Cheese Delicia Prodlacta,1,0,1,0,0,96,13,4,2,0
Branzica de casa cottage cheese Covalact,1,0,1,0,0,109,12.2,6,1.5,0
Branzica de casa cu fructe de padure Covalact,1,0,1,0,0,118,10,5,8,0.7
Branzica de casa miere si nuci Covalact de tara,1,0,1,0,0,124,9.3,5,10.5,1.8
Branzica de casa stafide si vanilie Covalact de tara ,1,0,1,0,0,121,9.1,5,9.9,1
Branzica de casa usoara 2% Covalact,1,0,1,0,0,78,12.3,2,2.7,0
Branzica dulce degresata cu stafide Mic-Vis JLC,1,0,1,0,0,120,16,0,14,0
Branzica fina aerata cu capsuni Danone Frutmania,1,0,1,0,0,121,4.8,4,16.2,0
Branzica fina aerata cu cirese Danone Frutmania,1,0,1,0,0,121,4.8,4,16.2,0
Branzica fina cu caise Danone Activia,1,0,1,0,0,106,5.2,2.9,14.8,0.6
Branzica fina cu capsuni Danone Activia,1,0,1,0,0,110,5.2,2.9,15.7,0.5
"Branzica si smantana 4,8% Ceva Fin Delaco",1,0,1,0,0,105,12.3,4.8,2.9,0
Branzica si smantana Ceva fin cu masline Delaco,1,0,1,0,0,105,10.9,4.9,5,0.2
Brie Maubert,1,0,1,0,0,369,18,33,0,0
Brinza alba sarata Islos natur Milkana,1,0,1,0,0,208,11.3,16.5,3.5,0
Brinza taleggio,1,0,1,0,0,286,17.9,25,0,0
Bulgarasi de branza cu smantana Covalact,1,0,1,0,0,104,12,5.5,1.5,0
"Bulgarasi de branza proaspata slaba 4,5% Kraft",1,0,1,0,0,100,10.5,4.5,4.4,0.2
Cas de oaie,1,0,1,0,0,280,25,19,2.3,0
Cas de vaca,1,0,1,0,0,254,24.3,16,2.8,0
Cas proaspat de vaca Angst,1,0,1,0,0,254,24.3,16,2.8,0
Casacaval Dalia Penny,1,0,1,0,0,497,22,45,1,0
Casacaval Mooshirchner,1,0,1,0,0,359,29,17,10,0
Cascaval,1,0,1,0,0,283,25,19,1,0
Cascaval  felii Burlander Milram,1,0,1,0,0,347,26,27,0,0
Cascaval  Milram light,1,0,1,0,0,260,29,16,0.1,0
Cascaval 13% Kasehof ,1,0,1,0,0,245,32,13,0,0
Cascaval 16% Linessa,1,0,1,0,0,260,29,16,0,0
Cascaval 45% Emmentaler Lindenhof ,1,0,1,0,0,388,30.5,29.5,0.1,0
Cascaval afumat,1,0,1,0,0,353,22.3,27.3,1.9,0
Cascaval afumat Bluedino ,1,0,1,0,0,310,23.8,23.4,1.5,0
Cascaval afumat Hochland,1,0,1,0,0,332,24,26,0.5,0
Cascaval afumat LaDorna,1,0,1,0,0,316,19,26.4,0.5,0
Cascaval afumat Lidl,1,0,1,0,0,259,26,15,0,0
Cascaval afumat portionat Koliba,1,0,1,0,0,346,26.7,26.5,1,0
Cascaval afumat Sofia Delaco,1,0,1,0,0,323,24,25,1.1,0
Cascaval afumat Vidraru Milli,1,0,1,0,0,298,20,22,5,0
Cascaval Albalact,1,0,1,0,0,305,23,23,1,0
Cascaval Argesel Camy Lact,1,0,1,0,0,327,22,22.5,1.6,0
Cascaval Beclean,1,0,1,0,0,283,22,20.8,1,0
Cascaval Bluedino Lidl,1,0,1,0,0,327,25.5,25.5,0.7,0
Cascaval Bobalna Napolact,1,0,1,0,0,305,25,21,0,0
Cascaval Borcea,1,0,1,0,0,329,18,23,13,0
Cascaval Buledino,1,0,1,0,0,310,23.9,23.1,1.7,0
Cascaval Butterkase Milbona,1,0,1,0,0,330,24,26,0,0
Cascaval capra Five Continents,1,0,1,0,0,320,18,22,13,0
Cascaval capra Madjarov,1,0,1,0,0,300,24,30,0.5,0
Cascaval Cedar clasic Hochland,1,0,1,0,0,403,25,33,1,0
Cascaval Ciuc Friss,1,0,1,0,0,225,26,13,1,0
Cascaval clasic din lapte de vaca Napolact,1,0,1,0,0,349,25,27,1.5,0
Cascaval clasic Five Continents,1,0,1,0,0,320,18,22,13,0
Cascaval clasic Raraul,1,0,1,0,0,305,23,23,1,0
Cascaval cu chimen,1,0,1,0,0,225,30.5,10,1.6,0
Cascaval cu negrilica Mega Image,1,0,1,0,0,329,22,25.2,1.2,0
Cascaval Dalia Carrefour,1,0,1,0,0,317,22,25.2,0.5,0
Cascaval Dalia Ibanesti,1,0,1,0,0,322,22,24.5,1,0
Cascaval Dalia LaDorna,1,0,1,0,0,317,22,25.2,0.5,0
Cascaval Dalia Raraul,1,0,1,0,0,290,23,21,1,0
Cascaval de bivolita Rustic Eurolact,1,0,1,0,0,391,26,27,1,0
Cascaval de capra Cora,1,0,1,0,0,322,18,22,13,0
Cascaval de capra Rustic Eurolact,1,0,1,0,0,275,25,27,2,0
Cascaval de oaie Dalia Five Continents,1,0,1,0,0,320,18,22,13,0
Cascaval de oaie Dobrogea Five Continents,1,0,1,0,0,360,20,25,13,0
Cascaval de sandwich Delaco,1,0,1,0,0,327,25.5,25.5,0.7,0
Cascaval de vaca Carrefour,1,0,1,0,0,283,9,25.3,6,0
Cascaval de vaca Ialomita Five Continents,1,0,1,0,0,320,18,22,13,0
Cascaval de vaca light Carrefour,1,0,1,0,0,268,20,16,13,0
Cascaval de vaca Olympus,1,0,1,0,0,341,23,27,0.5,0
Cascaval de vaca Rucar Five Continents,1,0,1,0,0,329,18,23,13,0
Cascaval din lapte de vaca Auchan,1,0,1,0,0,327,23,26,1,0
Cascaval Dobrogea,1,0,1,0,0,423,28.6,32.4,1,0
Cascaval Dobrogea Five Continents,1,0,1,0,0,360,20,25,13,0.7
Cascaval ecologic LaDorna,1,0,1,0,0,317,22,25.2,0.5,0
Cascaval Edam No 1 Carrefour,1,0,1,0,0,327,23,26,1,0
Cascaval Edamer Lattaio,1,0,1,0,0,316,25,24,0,0
Cascaval Emmental 365,1,0,1,0,0,369,22.7,28.2,1,0
Cascaval Emmental feliat Kaufland,1,0,1,0,0,388,30.5,29.5,0.1,0
Cascaval Emmental Francais Cora,1,0,1,0,0,372,28,28,2,0
Cascaval Emmentaler bio Valmartin,1,0,1,0,0,399,28.9,28,0.5,0
Cascaval emmentaler Delaco,1,0,1,0,0,369,28,28.5,0,0
Cascaval Emmentaler LaDorna,1,0,1,0,0,360,27,28,0.1,0
Cascaval Emmentaler Milbona Lidl,1,0,1,0,0,388,30.5,29.5,0.1,0
Cascaval Emmentaler ras Milbona,1,0,1,0,0,388,30.5,29.5,0.1,0
Cascaval Emmetaler Goldsteig,1,0,1,0,0,383,30,28.5,1.5,0
Cascaval feliat de senvis Delaco,1,0,1,0,0,294,24.9,20.5,2.6,0.4
Cascaval feliat emmentaler Hochland,1,0,1,0,0,344,19,28,4,0
Cascaval feliat Gouda Hochland,1,0,1,0,0,356,23,29,0,0
Cascaval feliat Maasdamer Hochland,1,0,1,0,0,344,19,28,4,0.8
Cascaval Fetesti Five Continents,1,0,1,0,0,365,20,25,1.3,0
Cascaval forma pizza Viotoros,1,0,1,0,0,320,8,28,10,0
Cascaval gouda afumat Vian,1,0,1,0,0,355,23,27,0.1,0
Cascaval Gouda Lattaio,1,0,1,0,0,353,23,29,0.1,0
Cascaval Gouda Lindenhof,1,0,1,0,0,356,24.1,28.8,0,0
Cascaval gouda tanara 365,1,0,1,0,0,370,23,30,0,0
Cascaval grana padano,1,0,1,0,0,392,35.8,25.8,3.2,0
Cascaval grana padano Valbonta,1,0,1,0,0,384,33,28,0,0
Cascaval Hochland Clasic,1,0,1,0,0,360,18,32,1,0
Cascaval imperial Bluedino,1,0,1,0,0,334,25,26,0,0
Cascaval Kaseaufschnitt,1,0,1,0,0,260,29,16,0,11
Cascaval Leerdammer Original,1,0,1,0,0,358,27,28,0.1,0
Cascaval light Burlander Milram,1,0,1,0,0,260,29,16,0.1,0
Cascaval low fat Hajdu,1,0,1,0,0,315,27.9,23,1.5,0
Cascaval mini Babybel,1,0,1,0,0,304,22,24,0.2,0
Cascaval Napolact Cedra ,1,0,1,0,0,340,25,26,2,0
Cascaval natur Delhaize 365,1,0,1,0,0,400,23,30,0,0
Cascaval natur Hochland,1,0,1,0,0,314,24,24,0.5,0
Cascaval Penteleu Covalact ,1,0,1,0,0,263,23,19,0.1,0
Cascaval Penteleu Gurdon,1,0,1,0,0,298,22,22,0.4,0
Cascaval Penteleu Unicarm,1,0,1,0,0,275,25,19,1,0
Cascaval Perfecto Dalia Milli,1,0,1,0,0,298,20,22,5,0
Cascaval Perfecto Penteleu Milli,1,0,1,0,0,298,20,22,5,0
Cascaval pizza topping Forma Viotros,1,0,1,0,0,370,11.5,33,6.5,0
Cascaval portionat Koliba,1,0,1,0,0,337,25,25.9,1,0
Cascaval premium maturat Old Poland,1,0,1,0,0,339,26.2,26,0.1,0
Cascaval Provoleta,1,0,1,0,0,400,23.3,33.3,0,0
Cascaval ras Emental 365,1,0,1,0,0,369,27.7,28.2,1,0
Cascaval ras emmentaler President,1,0,1,0,0,360,27,28,0,0
Cascaval ras gouda Vian,1,0,1,0,0,335,23,27,0.1,0
Cascaval rotund feliat Bluedino,1,0,1,0,0,339,26.2,26,0.1,0
Cascaval Rucar Comintex,1,0,1,0,0,319,21.1,25.5,1.2,0
Cascaval Rucar Gusturi romanesti,1,0,1,0,0,322,23.9,24,0.4,0
Cascaval Rucar President,1,0,1,0,0,306,25,22.7,0.5,0
Cascaval Rucar Real,1,0,1,0,0,294,23,20,1,0
Cascaval Rucar Unicarm,1,0,1,0,0,289,24,21,1,0
Cascaval Rucar Vitoro,1,0,1,0,0,313,3.2,25,4,0
Cascaval Scamorza Vallelata,1,0,1,0,0,288,22,22,0.5,0
Cascaval semi-gras Bon Area,1,0,1,0,0,278,23,20,1,0
Cascaval semicurado Alipende,1,0,1,0,0,412,23.9,34.6,0.2,0
Cascaval slab,1,0,1,0,0,291,29.6,18.5,1.7,0
Cascaval Slankie 20+,1,0,1,0,0,200,30,11,0,0
Cascaval Sofia Delaco,1,0,1,0,0,311,25,24,0,0
Cascaval tartinabil Seriously Strong McLelland,1,0,1,0,0,301,15.5,25.6,1.5,0
Cascaval Tierno Dia,1,0,1,0,0,401,24,29,1,0
Cascaval Tilsit Bluedino,1,0,1,0,0,334,25,26,0.1,0
Cascaval Tip,1,0,1,0,0,327,25.5,25,0.1,0
Cascaval vaca Dalia Albalact,1,0,1,0,0,272,23,38,1,0
Cascaval vaca si oaie Dej Napolact,1,0,1,0,0,340,25,26,2,0
Cascaval Vio,1,0,1,0,0,325,24,25,1,0
Cascaval Ziegenkase,1,0,1,0,0,362,24,30,0,0
Cheese mix Kaufland,1,0,1,0,0,330,26,25,0.1,0
Cottage cheese ierburi Spar,1,0,1,0,0,85,12.7,2.2,3,0.1
Crema branza Bio Quark Andechser,1,0,1,0,0,53,9.6,0.2,3.1,0
Crema branza cu ceapa verde Cora,1,0,1,0,0,215,6.4,19.5,3.5,0
Crema branza cu verdeata Hochland,1,0,1,0,0,203,5,19,3,0
Crema branza de capra Chevridou,1,0,1,0,0,160,9,12,3.7,0
Crema branza dulce light Carrefour,1,0,1,0,0,46,8,0,3.5,0
Crema branza Kaufland,1,0,1,0,0,68,12.2,3.9,0.3,0
Crema branza light Viva,1,0,1,0,0,172,11.1,12,4.9,0.1
Crema branza natural Philadelphia,1,0,1,0,0,250,5.8,23.5,3.2,0.2
Crema branza Philadelphia Kraft,1,0,1,0,0,255,5.9,24,3.2,0
"Crema cu branza proaspata, iaurt fin si cirese Ehrmann",1,0,1,0,0,132,4,5.5,16.5,0
Crema cu unt si ardei Sole Gustoso,1,0,1,0,0,252,2.5,25,4.4,0
Crema de branza  cu ierburi si usturoi Philadelphi,1,0,1,0,0,133.3,13.3,3.3,6.6,0
"Crema de branza 0,2% Creamy Quark Exquisa",1,0,1,0,0,48,8,0.2,3.5,0
"Crema de branza 0,2% cu gust de vanilie Exquisa Quark Genuss",1,0,1,0,0,87,6.4,0.2,15,0
"Crema de branza 0,2% Exquisa Fitline Natur",1,0,1,0,0,61,11,0.2,3.9,0
"Crema de branza 0,2% Genuss Amarena Quark  Exquisa",1,0,1,0,0,89,6.4,0.2,15.5,0
"Crema de branza 0,2% Latte Machiato Quark Exquisa",1,0,1,0,0,89,6.4,0.2,15.5,0.7
"Crema de branza 0,2% piersici si maracuja Exquisa Quark",1,0,1,0,0,75,5.8,0.2,12.5,0
Crema de branza 10% cu ardei copti Philadelphia,1,0,1,0,0,143,7.1,9.8,5.8,0.6
Crema de branza 20% Ehrmann,1,0,1,0,0,86,9,3.7,4.1,0.1
Crema de branza A La Quiche Lorraine Exquisa,1,0,1,0,0,225,6,21,3,0
Crema de branza Alipende,1,0,1,0,0,276,6,26.5,3.5,0
Crema de branza Almette cu verdeata,1,0,1,0,0,266,6,26,2,0
Crema de branza Bonarea,1,0,1,0,0,220,6,20,4,0
Crema de branza camembert Auchan,1,0,1,0,0,218,13,18,1,0
Crema de branza Campus Frischkase,1,0,1,0,0,162,7,13.5,3,0
Crema de branza Campus Frischkase,1,0,1,0,0,175,7,14.5,3,0
Crema de branza Ceva Fin Delaco,1,0,1,0,0,164,7.3,13,4.4,0
Crema de branza clasica Hochland,1,0,1,0,0,207,6,19,3,0
Crema de branza cu ardei Rama Creme Bonjour,1,0,1,0,0,262,5.1,24.6,4.1,0
Crema de branza cu castraveti Hochland,1,0,1,0,0,207,6,19,3,0
Crema de branza cu ceapa verde Almette,1,0,1,0,0,192,9,16,3,0
Crema de branza cu ciocolata Milka Philadelphia Kraft,1,0,1,0,0,295,6.5,13.5,35.5,1.3
Crema de branza cu ciuperci funghi porcini Philadelphia,1,0,1,0,0,138,7.1,9.7,4.5,1.1
Crema de branza cu iaurt Almette,1,0,1,0,0,192,7,16,5,0
Crema de branza cu ierburi mediteraneene Exquisa,1,0,1,0,0,159,6.8,13,3.7,0
Crema de branza cu rosii si ulei de masline Hacendado,1,0,1,0,0,223,3.2,20.2,6.9,0
Crema de branza cu smantana,1,0,1,0,0,268,2.8,26.2,3.1,0
Crema de branza cu smantana Apetito,1,0,1,0,0,248,7.8,22.5,3.5,0
Crema de branza cu smantana Ceva fin Delaco,1,0,1,0,0,269,7.5,25,3.5,0
Crema de branza cu usturoi Ceva Fin Delaco,1,0,1,0,0,164,7.3,13,1.4,0
Crema de branza cu usturoi si verdeturi Fromage Frais,1,0,1,0,0,283,7,27,3,2
Crema de branza cu verdeata Ceva fin Delaco,1,0,1,0,0,264,7.4,24.5,3.5,0
Crema de branza cu verdeata Clever,1,0,1,0,0,191,10.5,15,3.5,0.7
Crema de branza cu verdeata Philadelphia Kraft,1,0,1,0,0,149,8,11,4,0.5
Crema de branza cu verdeturi Kaufland,1,0,1,0,0,248,1,23,3,0.5
Crema de branza Delaco,1,0,1,0,0,269,7.5,25,3.5,0
Crema de branza dietetica Frucht&Quark visine Exquisa,1,0,1,0,0,87,6,2.9,9.2,0
Crema de branza Exquisa Fiocchi di Latte,1,0,1,0,0,83,13,3,1,0.1
Crema de branza Exquisa Natur,1,0,1,0,0,50,8.3,0.2,3.8,0
Crema de branza Hacendado,1,0,1,0,0,127,11.3,6.7,5.2,0.2
Crema de branza hrean Almette,1,0,1,0,0,248,6,24,2,1
Crema de branza Labneh Almarai,1,0,1,0,0,196,7,15,7.9,0
Crema de branza light 5% Linessa,1,0,1,0,0,97,9.5,5,3.3,0
Crema de branza light Carreffour,1,0,1,0,0,99,11.4,3.5,5.4,0
Crema de branza light de pus pe paine Linessa,1,0,1,0,0,172,14.5,9,7,0
Crema de branza light Exquisa,1,0,1,0,0,156,6.7,13,3,0
Crema de branza Light feta si castraveti Philadelphia,1,0,1,0,0,151,8.4,11,4,0.1
"Crema de branza light medium fat 11,5% Philadelphia",1,0,1,0,0,156,8.3,11.5,4,0.3
Crema de branza moale light Soft Cheese 13% Exquisa,1,0,1,0,0,160,7,13,3,0
Crema de branza Original Philadelphia Kraft,1,0,1,0,0,245,5.8,23,3.2,0.2
Crema de branza Philadelphia Kraft Spania,1,0,1,0,0,275,4.9,25.5,5.2,0
Crema de branza Philadelphia Light,1,0,1,0,0,189,8,15.5,3.6,0.4
"Crema de branza proaspata 0,2% Ehrmann",1,0,1,0,0,57,9.8,0.2,4.1,0.1
"Crema de branza proaspata 3,7% Ehrmann",1,0,1,0,0,86,9,3.7,4.1,0.1
Crema de branza proaspata Abitella,1,0,1,0,0,281,7.5,26.4,3.4,0
Crema de branza proaspata classic Exquisa,1,0,1,0,0,247,6,23.5,2.8,0
Crema de branza proaspata cu fructe 12% Exquisa,1,0,1,0,0,114,6,2.9,16,2
Crema de branza proaspata cu gorgonzola Miree,1,0,1,0,0,241,6,23,2.5,0.6
Crema de branza proaspata cu iaurt Ehrmann,1,0,1,0,0,57,9.8,0.2,4.1,0.1
Crema de branza proaspata cu iaurt si verdeturi Campus,1,0,1,0,0,175,7,15,3,0
Crema de branza proaspata cu somon Miree,1,0,1,0,0,241,6,23,2.5,0
Crema de branza proaspata de vaca cu boia de ardei si chili Louis D'Or,1,0,1,0,0,231,5.8,22,2.4,0
Crema de branza proaspata de vaca cu verdeturi Louis D'or,1,0,1,0,0,241,6,23,2.5,0
Crema de branza proaspata Delhaize,1,0,1,0,0,99,5,4,10.2,0
Crema de branza proaspata diet Ehrmann,1,0,1,0,0,88,5.3,3.2,9.6,0
Crema de branza proaspata light cu verdeturi Exquisa,1,0,1,0,0,165,6.7,14,3,0
Crema de branza proaspata light Hacendado,1,0,1,0,0,46,8,0.1,3.5,0
"Crema de branza si smantana light 2,2% Ceva Fin Delaco",1,0,1,0,0,82,12.4,2.2,3,0
Crema de branza smantana Almette,1,0,1,0,0,270,6,26,3,0
Crema de branza Speisequark ,1,0,1,0,0,143,9,10,3.8,0
Crema de branza Tartina LaDorna,1,0,1,0,0,256,7,24,3,0
Crema de branza topita cu ardei rosu iute Hochland,1,0,1,0,0,316,9,28,7,0
Crema de branza verdeturi Cora,1,0,1,0,0,215,6.4,19.5,3.5,0
Crema de cascaval alb,1,0,1,0,0,252,13.4,20.6,1.4,0
Crema de cascaval Premio Unicarm,1,0,1,0,0,314,7,30,4,0
"Crema de smantana cu iaurt, branza proaspata, ardei si chili Lidl",1,0,1,0,0,210,5.5,4.2,19,0
Crema de unt cu cascaval marmorat Profi,1,0,1,0,0,384,3.2,39,5,0
"Desert cu branza de vaci 0,2% si fructe Fitline Exquisa",1,1,1,0,0,92,6.5,0.2,16,0
Desert pe baza de branza proaspata si piersci Ehrmann,1,0,1,0,0,118,4.5,4,16,0
Felii cascaval  Kaufland,1,0,1,0,0,177,33,5,0,0
Feta Delis Danish White Del Delaco,1,0,1,0,0,240,11,21,2.5,0
Gorgonzola,1,0,1,0,0,350,21,28,1.5,0
Granule de branza proaspata cu smantana 2% Tnuva Slim,1,0,1,0,0,69,11,2,1.8,0
"Iaurt 0,1%  Bucovina",1,0,1,0,0,35,3.2,0.1,4.5,0
"Iaurt 2,8% natural Bifidus Sanlacta",1,0,1,0,0,54,3.1,2.8,4.1,0
Iaurt Kurt Curtici,1,0,1,0,0,54,3.2,2.8,4,0
Margarina Rama Cremefine,1,0,1,0,0,85,3.5,5,6,0
Mascarpone Delhaize,1,0,1,0,0,376,4.5,39,4,0
"Miez de lapte natur 14,2% Delaco",1,0,1,0,0,186,11.3,14.2,3.2,0
Mini cascaval pane Delaco,1,1,1,0,0,277,12.6,15.8,20.7,0
Mozzarella,1,0,1,0,0,318,21.6,24.6,2.5,0
Mozzarella 20 mini Galbani,1,0,1,0,0,196,17.5,13.5,1,0
Mozzarella 365 Mega Image,1,0,1,0,0,322,23.9,24,0.4,0
Mozzarella 50% Tesco,1,0,1,0,0,175,20,10,0.7,0
Mozzarella Bocconcino Lafuente,1,0,1,0,0,215,19,15,1,0
Mozzarella Continente,1,0,1,0,0,228,20,16,1,0
Mozzarella Cora,1,0,1,0,0,235,18,18,0.2,0
Mozzarella cu masline Santa Lucia,1,0,1,0,0,208,15,16,1,0
Mozzarella din lapte de vaca Zanetti,1,0,1,0,0,296,20,24,0,0
Mozzarella Fresca Delaco,1,0,1,0,0,247,17.5,19,1.5,0
Mozzarella Galbani Santa Lucia,1,0,1,0,0,247,18,19,1,0
Mozzarella Goldsteig,1,0,1,0,0,245,18,18.5,1.5,0
Mozzarella Gourmet Delaco ,1,0,1,0,0,270,21,20,1.5,0
Mozzarella Granarolo,1,0,1,0,0,247,18,19,1,0
Mozzarella Gustoso Sole,1,0,1,0,0,249,23,17,1,0
Mozzarella La Capannina,1,0,1,0,0,251,19,19,1,0
Mozzarella light Galbani,1,0,1,0,0,155,17.5,9,1.5,0
Mozzarella light La Capannina,1,0,1,0,0,178,20.5,10,1.5,0
Mozzarella light Linessa,1,0,1,0,0,165,20.5,8.5,1.5,0
Mozzarella light Santa Lucia,1,0,1,0,0,163,20,9,0.4,0
Mozzarella Lovilio,1,0,1,0,0,333,25.5,25,1.5,0
Mozzarella Napolact,1,0,1,0,0,305,27,21,2,0
Mozzarella Paladin,1,0,1,0,0,265,19,20,1,0
Mozzarella Piccolo Milli,1,0,1,0,0,298,20,22,5,0
Mozzarella rasa Goldsteig,1,0,1,0,0,333,25.5,25,1.5,0
Mozzarella Santa Lucia mini,1,0,1,0,0,204,17.5,14.5,1,1
Mozzarella Unicarm,1,0,1,0,0,225,18,19,1,0
Parmezan,1,0,1,0,0,431,38.5,28.6,4.1,0
Parmezan Galbani,1,0,1,0,0,393,33,20,0,0
Parmezan Reggiano,1,0,1,0,0,392,33,28.4,0,0
Parmezan Zanetti,1,0,1,0,0,392,33,28,0,0
Perle de branza cu iaurt Exquisa,1,0,1,0,0,83,13,3,1,0
Perle de branza cu smantana 4% LaDorna,1,0,1,0,0,84,11,4,1,0
Perle de branza Pic Frisch,1,0,1,0,0,102,12.5,4.6,2.7,0
Ricotta Caseificio Pini,1,0,1,0,0,137,8.5,11,1,0
Rulou snack branza de capra President,1,0,1,0,0,261,16,21,2,0
Specialitate branza capra si vaca Akadia,1,0,1,0,0,220,11,18,2.5,0
Specialitate de branza Grana Padano Agriform,1,0,1,0,0,384,33,28,0,0
Specialitate de branza tartinabila din lapte pasteurizat Cora,1,0,1,0,0,211,7,3,3,0
"Stelute de branza 4,5% Lacteea",1,0,1,0,0,103,12.5,4.5,3,0
Stelute de branza Lacteea,1,0,1,0,0,83,12.7,2.2,3.1,0
Svaiter  Kasehof,1,0,1,0,0,386,39,30,0,0
Svaiter 45% Goldsteig,1,0,1,0,0,388,30.5,29.5,0.1,0
Svaiter Allgautaler Zott,1,0,1,0,0,369,28,28.5,0,0
Svaiter bio wiesen dahler Sobbeke,1,0,1,0,0,278,38,14,0.1,0
Svaiter light Allgautaler Zott,1,0,1,0,0,298,34,18,0,0
Telemea  45% Kaufland,1,0,1,0,0,268,19,21,0.7,0
Telemea de bivolita 365,1,0,1,0,0,219,16,22,2.3,0
Telemea de capra 365,1,0,1,0,0,203,14,14,1.5,0
Telemea de capra 47% Gusturi Romanesti,1,0,1,0,0,270,15,23,0.7,0
Telemea de capra Carrefour,1,0,1,0,0,216,19,15,1.3,0
Telemea de capra LaDorna,1,0,1,0,0,269,19,21,1,1
Telemea de capra Olympus,1,0,1,0,0,270,15,23,0.7,0
Telemea de oaie Gusturi Romanesti,1,0,1,0,0,276,16.5,23,0.7,0
Telemea de oaie Hochland,1,0,1,0,0,316,17.1,27,1.1,0
Telemea de oaie LaDorna,1,0,1,0,0,246.6,16,20,0.1,0
Telemea de oaie Mega Image,1,0,1,0,0,245,18,23,3.3,0
Telemea de oaie Olympus,1,0,1,0,0,276,16.5,23,0.7,0
Telemea de oaie si capra light Olympus,1,0,1,0,0,195,23,12,0.7,0
Telemea de vaca,1,0,1,0,0,273,19.4,20.4,0,0
Telemea de vaca 365,1,0,1,0,0,219,15,15,2,0
Telemea de vaca Albalact,1,0,1,0,0,231,16,19,0,0
Telemea de vaca Coliba Ciobanasului,1,0,1,0,0,235,16,19,0,0
Telemea de vaca cu gust domol Napolact,1,0,1,0,0,310,18,26,1,0
Telemea de vaca cu verdeturi Hochland,1,0,1,0,0,261,15,22,0.7,0
Telemea de vaca Delaco,1,0,1,0,0,250,17.8,19.4,1,0
Telemea de vaca Gruia,1,0,1,0,0,199,16,15,0,0
Telemea de vaca Gusturi Romanesti,1,0,1,0,0,270,15,23,0.7,0
Telemea de vaca Hochland,1,0,1,0,0,270,13,24,0.5,0
Telemea de vaca Interagro,1,0,1,0,0,250,16,20.2,1,0
Telemea de vaca LaDorna,1,0,1,0,0,260,19,20,1,0
Telemea de vaca light 14% Hochland,1,0,1,0,0,229,25,14,0.7,0
Telemea de vaca Light Hochland,1,0,1,0,0,197,25,10.5,0.7,0
Telemea de vaca maturata Harbach,1,0,1,0,0,280,15,23,1,0
Telemea de vaca Olympus,1,0,1,0,0,270,15,23,0.7,0
Telemea de vaca Premio Unicarm,1,0,1,0,0,226,17,17.2,1,0
Telemea de vaca Real,1,0,1,0,0,235,16,19,0,0
Telemea de vaca Romfulda,1,0,1,0,0,243,17,17.2,1,0
Telemea de vaca Sofra,1,0,1,0,0,306,15,27,0,0
Telemea Gazi ,1,0,1,0,0,256,18,20,1.5,0
Telemea maturata de capra Five Continents,1,0,1,0,0,245,18,16,0.5,0
Telemea maturata de oaie Five Continents,1,0,1,0,0,260,16,18,8,0
Telemea maturata de vaca Huedin,1,0,1,0,0,275,18,22,1,0
Telemea maturata de vaca si bivolita Huedin,1,0,1,0,0,294,18,24,1.5,0
Telemea maturata Ibanesti Mirdatod,1,0,1,0,0,198,16,14.5,0.8,0
Telemea proaspata de vaca Cora,1,0,1,0,0,198,16,14.5,0.8,0
Telemea vaca Blasova,1,0,1,0,0,270,15,24,23,0
Telemea vaca light Olympus,1,0,1,0,0,177,23,12,0.7,0
Telemea vaca Traian One,1,0,1,0,0,205,16.5,15,1,0
Telemea vaca Unilact,1,0,1,0,0,230,16,16,5,0
Telemea Winny,1,0,1,0,0,223,24,16.5,1.5,0
Tofu cu chimen Inedit,1,1,1,0,0,108,12.1,4.2,5.5,0
Urda,1,0,1,0,0,136,18,4,6,0
Urda cu smantana Olympus,1,0,1,0,0,152,12,10,3.5,0
Urda cu verdeturi Unicarm,1,0,1,0,0,67.5,7,3.5,2,0
Urda de oaie Bonas,1,0,1,0,0,72,3.5,0.2,14,0
Urda dulce de vaca framantata cu sare Premio Unicarm,1,0,1,0,0,108,7,8,2,0
Urda dulce Solomonescu,1,0,1,0,0,200,11.6,13.4,8,0
Urda taraneasca vid premio Unicarm,1,0,1,0,0,113,13,5,4,0
Branza proaspata de vaci cu nuci Pilos,1,1,1,0,0,142,10.2,5,14,0
Telemea de capra bio Kondov,1,0,1,0,0,295,16.9,24.7,1.4,0
Telemea de oaie 365,1,0,1,0,0,245,17,21,2,0
Telemea maturata de vaca Milli,1,0,1,0,0,275,18,22,1,0
Mini desert cu afine Muller,1,1,1,0,0,146,2.7,7.9,15,0
Mozzarella de bivolita Mandara,1,1,1,0,0,283,13.5,25,1,0
Orez cu lapte Auchan,1,1,1,0,0,139,1.7,3.5,25,0.1
Perle de branza Exquisa,1,1,1,0,0,97,13,4.3,1.5,0
Kefir (slab),1,1,1,0,0,34,3.4,0.1,4.6,0
Kefir 1% Alba,1,1,1,0,0,36.2,3,1,3.8,0
Kefir 1% JLC,1,1,1,0,0,41,3,1,5,0
"Kefir 2,5% Big Panda",1,1,1,0,0,51,3,2,4,0
"Kefir 2,5% Boni",1,1,1,0,0,61,3.2,2.5,4,0
"Kefir 2,5% JLC",1,1,1,0,0,50.5,2.8,2.5,4.2,0
"Kefir 2,8%  Lacteea",1,1,1,0,0,59,3.2,2.8,4.5,0
"Kefir 3,3% Bueno",1,1,1,0,0,59.3,3.4,3.3,4,0.3
"Kefir 3,3% Paco",1,1,1,0,0,61.3,3.2,3.3,4.7,0
"Kefir 3,5% Napolact",1,1,1,0,0,62,3.5,3.5,4,0
"Kefir 3,6% Paulact",1,1,1,0,0,61,3.2,3.6,4,0
Kefir 3.5% Unicarm,1,1,1,0,0,58,3.1,3.5,3.6,0
Kefir bio Andechser,1,1,1,0,0,44,3.4,1.5,4.1,0
Kefir caucazian Clever,1,1,1,0,0,52,3.2,2.7,3.8,0
Kefir caucazian Milli,1,1,1,0,0,58,3.3,3,4,0
Kefir Covalact,1,1,1,0,0,55,3.2,3.3,3,0
"Kefir cremos 1,5% Pilos",1,1,1,0,0,46,3.3,1.5,4.7,0
"Kefir de capra 3,5% LaColline",1,1,1,0,0,61,3.5,3.6,3.7,0
"Kefir light 0,1% Paco",1,1,1,0,0,33.3,3.2,0.1,4.7,0.9
Kefir Monor,1,1,1,0,0,57,3.3,3,4.2,0
Kefir Sim,1,1,1,0,0,61,3.2,3.6,4,0
Kefir Zott,1,1,1,0,0,45,3.2,1.4,4.8,0
Kefir Zuzu,1,1,1,0,0,58,3.4,3,4.5,0
Crema branza creme fraiche de Normandie Vrai,1,1,1,0,0,363,2.1,38,3.1,0
Crema cu unt Sole clasic,1,1,1,0,0,252,2.5,25,3.2,0
Crema de iaurt,1,1,1,0,0,80,3.4,5,4.6,0
Crema de iaurt 3% Big Panda,1,1,1,0,0,57,3,3,4,0
Crema de iaurt 5% Brenac,1,1,1,0,0,90.2,6.4,5,4.9,0
Crema de iaurt Activia Danone,1,1,1,0,0,70,4.4,3.4,5.4,0
Crema de iaurt cu cafea Muller,1,1,1,0,0,116,4.4,4,14.8,0
Crema de iaurt cu Chantilly Muller,1,1,1,0,0,125,4.1,3.7,18.1,0
Crema de iaurt cu fructe Muller,1,1,1,0,0,111,3,3.6,16,0
Crema de iaurt Labneh,1,1,1,0,0,83,3,7,1,0
Crema de lapte,1,1,1,0,0,327,8.5,7,55.5,0
Crema iaurt Milli,1,1,1,0,0,83,3.1,6,4.1,0
Creme de branza fraiche Spar,1,1,1,0,0,308,2.3,32,2.3,0.2
Desert iaurt cu caise Paula Dr. Oetker,1,1,1,0,0,107,2.9,3.6,15.4,0.3
Desert orez cu lapte si cirese Muller,1,1,1,0,0,108,3,2.2,18.8,0
Fagaras usor 3% Covalact,1,1,1,0,0,86,12.2,3,2.5,0
Iaur cu kiwi bifidus Alipende,1,1,1,0,0,55,4.2,0.1,9.2,0.2
"Iaurt  0,1% cu cirese Linessa Lidl",1,1,1,0,0,79,3.9,0.1,13,0
"Iaurt  0,4% Vitalinea Pro Danone",1,1,1,0,0,67,7.8,0.4,7,0.7
"Iaurt  2,8% Covalact",1,1,1,0,0,55,3.4,2.8,4,0
Iaurt  3% Albalact,1,1,1,0,0,58,3.4,3,4.5,0
Iaurt  6% cu fructe de padure Monor,1,1,1,0,0,142,5,6,16,0
"Iaurt  zmeura 3,2% Bio Delhaize",1,1,1,0,0,99,3.7,3.2,12.9,0
Iaurt 0% Bifidus Prodlacta,1,1,1,0,0,42,4.4,0,6.2,0
Iaurt 0% cu cereale Tnuva,1,1,1,0,0,61,4.6,0.4,4.4,0.5
Iaurt 0% Danone Silhouette,1,1,1,0,0,40,4,0,7,0
Iaurt 0% Vdegresat Vio,1,1,1,0,0,32,4,0,3.9,0
"Iaurt 0,1 % Sim",1,1,1,0,0,32,3.7,0.1,4.1,0
"Iaurt 0,1%",1,1,1,0,0,32.9,3.4,0.1,4.6,0
"Iaurt 0,1% Auchan",1,1,1,0,0,31.7,3.2,0.1,4.5,0
"Iaurt 0,1% Bianco",1,1,1,0,0,70,5.6,0.1,10.8,0
"Iaurt 0,1% bifidus cu musli si fibre Delhaize",1,1,1,0,0,45,4.6,0.1,6.2,0.9
"Iaurt 0,1% capsuni Activia Danone",1,1,1,0,0,46,4.1,0.1,7.1,0
"Iaurt 0,1% cu ananas Activia Danone",1,1,1,0,0,47,4.1,0.1,7.4,0
"Iaurt 0,1% cu cereale Zuzu",1,1,1,0,0,76,3.7,0.3,15.3,0.7
"Iaurt 0,1% cu fructul pasiunii Danone",1,1,1,0,0,75.6,8.2,0.1,11.9,0.1
"Iaurt 0,1% cu piersici si maracuja light Campina",1,1,1,0,0,80,4,0.1,15.5,0
"Iaurt 0,1% cu prune bifidus Alipende",1,1,1,0,0,59,4.2,0.1,9.7,1
"Iaurt 0,1% Fit Vital Diet Ehrmann",1,1,1,0,0,49,3.5,0.1,8.5,1
"Iaurt 0,1% Milli",1,1,1,0,0,32,3.6,0.1,4,0
"Iaurt 0,1% Monor",1,1,1,0,0,32.5,3.2,0.1,4.6,0
"Iaurt 0,1% Muller Bianco",1,1,1,0,0,70,5.6,0.1,10.8,0
"Iaurt 0,1% Muller Light",1,1,1,0,0,51,4.2,0.1,7.8,0
"Iaurt 0,1% NutriDay Danone",1,1,1,0,0,31,3.6,0.1,3.9,0
"Iaurt 0,1% Pilos",1,1,1,0,0,34,3.6,0.1,4.6,0
"Iaurt 0,1% Ulcica Brenac",1,1,1,0,0,38,4.8,0.1,4.5,0
"Iaurt 0,1% visina racoricioasa Yoplait Tnuva",1,1,1,0,0,74,4.8,0.1,14.2,1.2
"Iaurt 0,1% Vitalinea Danone",1,1,1,0,0,38,4.1,0.1,4.4,0
"Iaurt 0,1% Vranlact",1,1,1,0,0,26,3.2,0.1,3,0
"Iaurt 0,1% zmeura Actimel Danone",1,1,1,0,0,29,2.7,0.1,3.7,0.5
"Iaurt 0,2% Ehrmann",1,1,1,0,0,57,9.8,0.2,4.1,0.1
"Iaurt 0,3% bifidus Dia",1,1,1,0,0,36,4.1,0.3,4.9,0
"Iaurt 0,4% Activia Natural Danone",1,1,1,0,0,41,4.1,0.4,4.5,0
"Iaurt 0,5% light Activia Danone",1,1,1,0,0,37,4.3,0.5,4.9,0
"Iaurt 0,8% cu rodie si zmeura Activia Danone",1,1,1,0,0,63,2.9,0.8,11,0.4
"Iaurt 0,8% de baut caise Activia Danone",1,1,1,0,0,68,2.9,0.8,12.6,0.8
Iaurt 0.1% Activia Mic Dejun extra cereale Danone,1,1,1,0,0,77,4.9,0.2,13.8,0
Iaurt 0.8% de baut cu fibre Activia Danone,1,1,1,0,0,61,2.9,0.8,10.8,1.3
Iaurt 1% Arla,1,1,1,0,0,50,5.5,1,3.5,1
Iaurt 1% Delisio,1,1,1,0,0,46,3.8,1,5.3,0
"Iaurt 1,1% cu visine Jogobella Zott",1,1,1,0,0,60,4,1.1,8.4,0
"Iaurt 1,3% cu mure si piersici Milbona",1,1,1,0,0,94,3.6,1.3,15.8,0.3
"Iaurt 1,4% Casa Buna Danone",1,1,1,0,0,71,2.7,1.4,12,0
"Iaurt 1,4% cu banane Crema di Frutta Muller",1,1,1,0,0,96,4.1,1.4,15.9,0
"Iaurt 1,5% Actimel Zmeura",1,1,1,0,0,74,2.9,1.5,11.5,0
"Iaurt 1,5% bio Irma",1,1,1,0,0,45,4,1.5,3.5,0
"Iaurt 1,5% cu musli si piersici Premio Unicarm",1,1,1,0,0,85,2.9,1.5,15,0
"Iaurt 1,5% Mariuca",1,1,1,0,0,47,3.8,1.5,4.6,0
"Iaurt 1,8% cu fibre Tnuva Slim Danone",1,1,1,0,0,48,3.7,1.8,3.5,1.5
"Iaurt 1,8% cu visine Monor",1,1,1,0,0,103,5,1.8,16,0
"Iaurt 1,8% cu visine Monor",1,1,1,0,0,103,5,1.8,16,0
"Iaurt 1,8% Gusturi Romanesti",1,1,1,0,0,45.9,3.1,1.8,4,0
Iaurt 10.9% grecesc Hacendado,1,1,1,0,0,123,4.1,10.9,2.1,0
Iaurt 2%  Nutriday Danone,1,1,1,0,0,47,3.5,2,3.7,0
Iaurt 2% Helvetica,1,1,1,0,0,51,3.7,2,4.6,0
Iaurt 2% Oke,1,1,1,0,0,47,3.3,2,4,0
Iaurt 2% Premio Unicarm,1,1,1,0,0,48,3.3,2,4.1,0
Iaurt 2% probiotic Dar,1,1,1,0,0,48.8,3.2,2,4,0
Iaurt 2% Vio,1,1,1,0,0,47,3.2,2,4,0
"Iaurt 2,2% clasic Galacta",1,1,1,0,0,47.8,3,2.2,4,0
"Iaurt 2,2% cu piersici Oikos Danone",1,1,1,0,0,100,5.4,2.2,14.7,0
"Iaurt 2,3% 4 cereale Nutriday Danone",1,1,1,0,0,92,3.2,2.3,14.5,0.3
"Iaurt 2,4% caise Nutriday Delicios Danone",1,1,1,0,0,86,3.2,2.4,13,0.1
"Iaurt 2,4% cu fructe de padure Sanlacta",1,1,1,0,0,78,3.2,2.4,11,0
"Iaurt 2,4% cu visine Nutriday Delicios Danone",1,1,1,0,0,86,3.2,2.4,13,0.1
"Iaurt 2,5% Aro",1,1,1,0,0,54,3.2,2.5,4.7,0
"Iaurt 2,5% Big Panda",1,1,1,0,0,52.8,3.5,2.5,4,0
"Iaurt 2,5% cu bucati mari de visine Milli",1,1,1,0,0,102,3,2,16,0
"Iaurt 2,5% cu caise Millie",1,1,1,0,0,102,3.9,2.5,16,0
"Iaurt 2,5% cu capsuni cu probiotice Milli",1,1,1,0,0,102,3.9,2.5,16,0
"Iaurt 2,5% cu mere coapte Jogobella",1,1,1,0,0,104,3.5,2.5,16.8,0
"Iaurt 2,5% Margareto",1,1,1,0,0,54,3.2,2.5,4.7,0
"Iaurt 2,5% Muuna",1,1,1,0,0,53,3.2,2.5,4,0
"Iaurt 2,5% Paco",1,1,1,0,0,54,3.2,2.5,4.7,0
"Iaurt 2,6% cu banane Zuzu Danone",1,1,1,0,0,89.8,3.4,2.6,13.9,0
"Iaurt 2,7% caise Activia Danone",1,1,1,0,0,94,3.4,2.7,14,0.2
"Iaurt 2,7% cirese Activia Danone",1,1,1,0,0,94,3.4,2.7,14,0.2
"Iaurt 2,7% cu piersici Activia Danone",1,1,1,0,0,94,3.4,2.7,14,0.2
"Iaurt 2,8% Brenac",1,1,1,0,0,59.6,3.6,2.8,5,0
"Iaurt 2,8% cu cereale integrale Activia Danone",1,1,1,0,0,90,3.6,2.8,13.3,0.2
"Iaurt 2,8% cu musli din cereale integrale Activia Danone",1,1,1,0,0,94,3.6,2.8,13.7,0.2
"Iaurt 2,8% Dar",1,1,1,0,0,54,3.2,2.8,4,0
"Iaurt 2,8% Delisio",1,1,1,0,0,56,3.2,2.8,3,0
"Iaurt 2,8% Friss",1,1,1,0,0,58,3.6,2.8,4.5,0
"Iaurt 2,8% germeni de grau Activia Danone",1,1,1,0,0,92,3.8,2.8,13,1.5
"Iaurt 2,8% Lacta",1,1,1,0,0,52,3.2,2.8,3.5,0
"Iaurt 2,8% Mandruta",1,1,1,0,0,55,3.4,2.8,4,0
"Iaurt 2,8% musli Activia Danone",1,1,1,0,0,92,3.8,2.8,13,1.5
"Iaurt 2,8% musli si capsuni Activia Danone",1,1,1,0,0,92,3.8,2.8,13,1.5
"Iaurt 2,8% musli si piersici Activia Danone",1,1,1,0,0,92,3.8,2.8,13,1.5
"Iaurt 2,8% Sim",1,1,1,0,0,54,3.2,2.8,4.1,0
"Iaurt 2,8% Vio",1,1,1,0,0,57,3.6,2.8,4,0
Iaurt 2.8% Natura,1,1,1,0,0,54,3.6,2.8,3.7,0
Iaurt 3% afine Sobbeke,1,1,1,0,0,94,3.5,3,13.8,0
Iaurt 3% Allelat,1,1,1,0,0,62,3.2,3,4.8,0
Iaurt 3% cu topping de fulgi de porumb Mic Dejun Activia Danone,1,1,1,0,0,113,4.5,3,17,0.9
Iaurt 3% Vian,1,1,1,0,0,60,3.2,3,4.8,0
Iaurt 3% visina racoricioasa Yoplait,1,1,1,0,0,102,4.4,3,14.4,0.2
"Iaurt 3,2% gustare de seara Activia Danone",1,1,1,0,0,70,3.2,2.1,9.5,0
"Iaurt 3,2% Muuna",1,1,1,0,0,65,3.2,3.2,4,0
"Iaurt 3,2% Naturlact",1,1,1,0,0,53,2.4,3.2,3.5,0
"Iaurt 3,4% natur Activia Danone",1,1,1,0,0,62,3.6,3.4,4.3,0
"Iaurt 3,5%  Hanul Boieresc Penny",1,1,1,0,0,66,3.4,3.5,4.5,0
"Iaurt 3,5% Bifidus Prodlacta",1,1,1,0,0,44,3.2,3.5,0,0
"Iaurt 3,5% din lapte de capra Agrofam",1,1,1,0,0,64.8,4.4,3.5,4,0
"Iaurt 3,5% extra cu omega 3 Milli",1,1,1,0,0,64,3.6,3.5,4,0
"Iaurt 3,5% life+ Omega 3 Milli",1,1,1,0,0,62,3.6,3.5,4,0
"Iaurt 3,5% Milli Life+ Probiotice",1,1,1,0,0,64,3.6,3.5,4.1,0
"Iaurt 3,5% Monor",1,1,1,0,0,62,3.2,3.5,4.5,0
"Iaurt 3,5% Muller",1,1,1,0,0,72,4.4,3.5,5.1,0
"Iaurt 3,5% Napolact Numa' Bun",1,1,1,0,0,62,3.6,3.5,4,0
"Iaurt 3,5% natur KClassic",1,1,1,0,0,60,3.2,3.5,4,0
"Iaurt 3,5% Naturmaelk",1,1,1,0,0,60,3.6,3.5,3.8,0
"Iaurt 3,6% mere si kiwi Pezzi di Frutta Muller",1,1,1,0,0,106,2.9,3.6,14.7,0
"Iaurt 3,6% piersica alba bunacioasa Tnuva Yoplait",1,1,1,0,0,103,4.3,3.6,13.3,0
"Iaurt 3,6% Yog-fit Mondelice",1,1,1,0,0,71,3.1,3.6,6.5,0
Iaurt 4 cereale NutriDay Danone,1,1,1,0,0,92,3.2,2.3,14.5,0.3
Iaurt 4% cu cereale Tnuva,1,1,1,0,0,101,4.2,4.7,10.5,0.8
Iaurt 4% Stracciatella Cremoso Danone,1,1,1,0,0,108,3,4,15,0
Iaurt 4% Ulcica Brenac,1,1,1,0,0,75.6,4.4,4,5.5,0
"Iaurt 4,1% Gusturi Romanesti",1,1,1,0,0,59,1.8,4.1,3.3,0
"Iaurt 4,1% NutriDay Natural Danone",1,1,1,0,0,65,3.2,4.1,3.9,0
"Iaurt 4,2% cu piersici 365",1,1,1,0,0,115,3.7,4.2,15.6,0
"Iaurt 4,2% cu piersici Cremoso Danone",1,1,1,0,0,108,3.5,4.2,14,0
"Iaurt 4,2% cu visine Cremoso Danone",1,1,1,0,0,106,3.5,4.2,13.5,0
"Iaurt 4,7% cocos Cremoso Danone",1,1,1,0,0,115,3.1,4.7,15,0.8
"Iaurt 4,8% Sarut de caramel Danone Cremosso",1,1,1,0,0,113,3.9,4.8,13.5,0
Iaurt 5% Covalact,1,1,1,0,0,81,4.2,5,4.8,0
Iaurt 5% Olympus,1,1,1,0,0,80,4.6,5,4.1,0
"Iaurt 5,2 % Cremoso natural Danone",1,1,1,0,0,81,4.6,5.2,4.1,0
"Iaurt 5,3% cu cereale glazurate cu ciocolata Yoplait Top",1,1,1,0,0,139,4.2,5.3,18.6,0.2
"Iaurt 5,4% Mic Dejun Activia Danone",1,1,1,0,0,209,8.5,5.4,31.5,0
Iaurt 8% El Greco Brenac,1,1,1,0,0,116.4,6.1,8,5,0
Iaurt Actimel Capsuni,1,1,1,0,0,74,2.9,1.5,11.5,0
Iaurt Actimel Fructe de Padure,1,1,1,0,0,72,3,1.6,10.5,0
Iaurt Actimel Multifruct,1,1,1,0,0,76,2.9,1.5,12,0
Iaurt Actimel Natur,1,1,1,0,0,72,3,1.6,10.5,0
Iaurt Activia musli si mere Activia Danone,1,1,1,0,0,95,3.4,3,15,1.5
Iaurt alb cremicios 4% Yoplait Tnuva,1,1,1,0,0,76,5.5,4,4.5,0
Iaurt banane si capsuni Actimel Danone,1,1,1,0,0,75,2.7,1.5,11.8,0
"Iaurt Bianco 4,5%  Muller",1,1,1,0,0,109,5.1,4.5,11.3,0
"Iaurt Bifidus 0,1% Natura",1,1,1,0,0,42,3.2,0.1,4.5,0
Iaurt bifidus Natura,1,1,1,0,0,45.2,3.2,3.5,3.5,0
"Iaurt Bifidus natural 0,1% Alipende",1,1,1,0,0,39,4.1,0.1,5.3,0
"Iaurt Bio 1,8% Lassi Andechser",1,1,1,0,0,60,4.7,1.8,6.2,0
"Iaurt bio 3,5% Biotrend",1,1,1,0,0,72,5,3.5,4.7,0
"Iaurt bio 3,8% Edeka",1,1,1,0,0,77,5,3.8,5.2,0
"Iaurt Bio 3,8% Jogurt Mild Andechser",1,1,1,0,0,77,5.1,3.8,5.6,0
"Iaurt bio natur 0,1%  Andecheser",1,1,1,0,0,53,6.3,0.1,6.6,0
Iaurt Bio vanilie 365,1,1,1,0,0,99,3.4,3.4,13.8,0
"Iaurt bio1,5% Sobbeke Fettarmer",1,1,1,0,0,59,5.6,1.5,5.7,0
Iaurt Boni 0.1%,1,1,1,0,0,30.5,3.4,0.1,3.8,0
Iaurt Boni 2.8%,1,1,1,0,0,60,3.2,2.8,4.5,0
Iaurt Brenac Vital 1%,1,1,1,0,0,54,5,1,6,0
Iaurt capsuna delicioasa Yoplait,1,1,1,0,0,113,4,3.6,16.2,0.2
"Iaurt capsuni 2,1% Danone Frutmania",1,1,1,0,0,81,2.7,2.1,13,0.2
"Iaurt capsuni 2,3% Delicios NutriDay Danone",1,1,1,0,0,84,3.3,2.3,12.5,0
Iaurt capsuni Cremoso Danone,1,1,1,0,0,106,3.5,4.2,13.5,0
Iaurt carnaval Tnuva Yoplait,1,1,1,0,0,103,4.5,3,14.4,0
Iaurt cereale Yoplait Tnuva,1,1,1,0,0,109,4.5,3.2,14.4,1.7
Iaurt chef de capsuni si banane Yoplait Tnuva,1,1,1,0,0,111,3.6,3,17.4,0
Iaurt choco Cringles Muller,1,1,1,0,0,149,4.5,4.9,21,0
"Iaurt cirese 3,2% Bodensee",1,1,1,0,0,112,3.8,3.2,17,0
Iaurt cirese Pezzi di Frutta Muller,1,1,1,0,0,108,3,3.6,15.1,0
"Iaurt Corner 3,8% Muller",1,1,1,0,0,106,4,3.8,13.2,0.4
Iaurt cozonac cu nuca Yoplait,1,1,1,0,0,127,4.8,4,18,0
Iaurt crema di frutta piersici 5% fructe Muller,1,1,1,0,0,96,4.1,1.4,16,0
"Iaurt cremos 3,5% Pilos",1,1,1,0,0,69,4,3.5,5.3,0
Iaurt cremos 6% Napolact,1,1,1,0,0,84,3.6,6,4,0
"Iaurt Cremoso 4,1% Danone",1,1,1,0,0,81,4.6,4.1,4.1,0
Iaurt crispy crunch Muller,1,1,1,0,0,144,4.1,4.1,22,0
"Iaurt cu afine 0,1% bio Andechser",1,1,1,0,0,79,4.4,0.1,14.9,0.7
Iaurt cu afine Muller Mix,1,1,1,0,0,109,3.9,3.5,14.8,0
Iaurt cu aloe vera Activia Danone,1,1,1,0,0,96,3.4,2.7,13.2,0.4
"Iaurt cu ananas 1,1% Jogobella Light Zott",1,1,1,0,0,60,4,1.1,8.4,0
Iaurt cu biscuiti Nutriday delicios Danone,1,1,1,0,0,88,3.3,2.2,13.8,0
Iaurt cu bucati de mure si zmeura Muller,1,1,1,0,0,105,3,3.6,14.5,0.7
Iaurt cu caise Danone Delicios,1,1,1,0,0,105,3.7,2.3,12.5,0
"Iaurt cu capsuni 1,5%  Fulga",1,1,1,0,0,70,3.2,1.5,11,0
"Iaurt cu capsuni 1,5% Milbona",1,1,1,0,0,89,3.9,1.5,14.4,0.3
"Iaurt cu capsuni 3,6% Pezzi Di Frutta Muller",1,1,1,0,0,111,2.9,3.6,16.1,0
Iaurt cu capsuni 365,1,1,1,0,0,106,3.8,17.1,2.7,0
Iaurt cu capsuni Oikos,1,1,1,0,0,91,5.4,2.2,12.4,0
Iaurt cu capsuni Zuzu,1,1,1,0,0,70,3.2,1.5,11,0
"Iaurt cu cereale 1,8 % Tnuva Slim",1,1,1,0,0,88,4.3,1.9,12.5,2
Iaurt cu cereale glazurate Choco Stars Muller Mix,1,1,1,0,0,147,4.1,4.9,20.8,0
Iaurt cu cereale glazurate cu ciocolata 6% Yoplait,1,1,1,0,0,144,5,6,3.7,0
Iaurt cu cereale mix Choco Flakes Muller,1,1,1,0,0,137,4.3,5,18,0
Iaurt cu cereale si goji Yogofiber Fru Fru,1,1,1,0,0,134.3,4.5,6.3,15.5,1.5
Iaurt cu cirese si cereale glazurate in ciocolata Choco Cringles Mix Muller,1,1,1,0,0,149,4.5,4.9,21,0
Iaurt cu cocos Activia Zi de Zi Danone,1,1,1,0,0,83,3.7,1.9,12.9,0
Iaurt cu cocos si migdale Cremoso Danone,1,1,1,0,0,117,3.9,5.6,12.8,0
Iaurt cu dulceata de cirese amare Napolact,1,1,1,0,0,114,3,2.5,20,0
Iaurt cu dulceata de nuci verzi Napolact,1,1,1,0,0,114,3,2.5,20,0
Iaurt cu dulceata de trandafiri Napolact,1,1,1,0,0,114,3,2.5,20,0
Iaurt cu fructe,1,1,1,0,0,74,3.5,2,10.3,0
"Iaurt cu fructe 0,1% Yoginos",1,1,1,0,0,88,2.8,0.1,18.9,0
"Iaurt cu fructe 0,1% Zottis",1,1,1,0,0,79,2.1,0.1,17.3,0
Iaurt cu fructe de padure  Fru Fru,1,1,1,0,0,140,4.5,8.1,15.4,1.8
Iaurt cu fructe de padure Zuzu,1,1,1,0,0,70,3.2,1.5,11,0
Iaurt cu fructe exotice 0.1% Milli,1,1,1,0,0,72,3.8,0.1,14,0
Iaurt cu gust de vanilie Activia,1,1,1,0,0,83,3.7,1.9,12.9,0
"Iaurt cu gust de zmeurica 1,4% Casa Buna Danone",1,1,1,0,0,77,2.8,1.4,12.3,0
"Iaurt cu kiwi 2,2% Froop Muller",1,1,1,0,0,106,3.9,2.2,16.9,0
Iaurt cu kiwi 5% Pezzi di Frutta Muller,1,1,1,0,0,106,2.9,3.6,14.7,0
Iaurt cu lapte de oaie 6% Covalact,1,1,1,0,0,88,4.4,6,4,0
Iaurt cu mure si zmeura Cremoso Danone,1,1,1,0,0,108,3.6,4.2,14,0
Iaurt cu nuca de cocos 5% Pezzi di Frutta Muller,1,1,1,0,0,120,3.1,5.7,13.4,0
Iaurt cu piersici Danone Frutmania,1,1,1,0,0,84,2.7,2.1,13.7,0.3
Iaurt cu piersici maracuia Muller Froop,1,1,1,0,0,115,3.7,3.1,17.2,0
"Iaurt cu piersici si caise 1,5% Fulga",1,1,1,0,0,62,3.2,1.5,9,0
Iaurt cu piersici si caise 5% Pezzi di Frutta Muller,1,1,1,0,0,104,3,3.6,14.1,0.7
Iaurt cu piersici si caise Zuzu,1,1,1,0,0,62,3.2,1.5,9,0
Iaurt cu preparat de cirese si banane Froop Muller,1,1,1,0,0,113,3.7,3.1,16.7,0
Iaurt cu pulpa de capsuni Campina,1,1,1,0,0,95,3.7,2.4,14.9,0
Iaurt cu pulpa de capsuni Oke,1,1,1,0,0,60,2.9,1,10,0
Iaurt cu rodii Froop Muller,1,1,1,0,0,100,3.9,2.2,15.5,0
Iaurt cu topping de fructe de padure Fruzu,1,1,1,0,0,103.3,2.5,3.7,15,0
Iaurt cu topping de zmeura Fruzu,1,1,1,0,0,106,2.5,3.6,15.7,0.1
Iaurt cu visine Zuzu,1,1,1,0,0,70,3.2,1.5,11,0
Iaurt cu zmeura Froop Muller,1,1,1,0,0,113,3.6,3,17.2,0
"Iaurt cu zmeura-lamaie 0,1% bio Andechser",1,1,1,0,0,71,3.6,0.1,13.9,1.2
Iaurt Danonino Danone,1,1,1,0,0,122,6.3,3.5,16.4,0
"Iaurt de baut 0,1% cu zmeura bio Andechser",1,1,1,0,0,60,2.7,0.1,12.1,0.2
"Iaurt de baut 0,1% cu zmeura cu Bifidus ActiRegularis Activia Danone",1,1,1,0,0,47,2.9,0,8.6,0.3
"Iaurt de baut 0,1% probiotic Coop",1,1,1,0,0,25,3.5,0.1,2,1.2
"Iaurt de baut 0,1% Zuzu",1,1,1,0,0,31,3.2,0.1,4.5,0
"Iaurt de baut 0,5% cu visine Margareto",1,1,1,0,0,61,1.5,0.5,12.6,0
"Iaurt de baut 0,7% cu capsuni Mizo Boci",1,1,1,0,0,68,2.5,0.7,13,0.6
"Iaurt de baut 0,7% Jogobella Zott",1,1,1,0,0,69,2.2,0.7,13.4,0
"Iaurt de baut 0,8 capsuni si kiwi Activia Danone",1,1,1,0,0,68,2.9,0.8,12.5,0.8
"Iaurt de baut 0,8 fructe de padure si cereale Activia Danone",1,1,1,0,0,66,2.9,0.8,11,0.9
"Iaurt de baut 0,8 piersici si cereale Activia Danone",1,1,1,0,0,62,3,0.8,10.6,0.9
Iaurt de baut 1 % Big Panda,1,1,1,0,0,37.8,3.2,1,4,0
Iaurt de baut 1% cu nectarine si guava Zuzu,1,1,1,0,0,77,3.2,1,13.5,0
Iaurt de baut 1% Tnuva Slim,1,1,1,0,0,40,3.7,1,3.2,1.5
"Iaurt de baut 1,2%  bio cu mure si afine Andechser",1,1,1,0,0,74,2.7,1.2,13,0
"Iaurt de baut 1,5% Covalact",1,1,1,0,0,42,3,1.5,4,0
"Iaurt de baut 1,8% NutriDay Danone",1,1,1,0,0,48,3.2,1.8,3.9,0
Iaurt de baut 2% Boni,1,1,1,0,0,56.8,3.2,2,4.5,0
Iaurt de baut 2% Pilos,1,1,1,0,0,48,3.2,2,4.5,0
Iaurt de baut 2% Tnuva,1,1,1,0,0,51,3.9,2,0,0
Iaurt de baut 2% Zuzu,1,1,1,0,0,48,3.2,2,4.5,0
"Iaurt de baut 2,2 % NutriDay Danone",1,1,1,0,0,46,3,2.2,3.6,0
"Iaurt de baut 2,3% Campina ",1,1,1,0,0,50,2.8,2.3,4.7,0
"Iaurt de baut 2,5% din lapte de capra Rupi",1,1,1,0,0,49,3.4,2.5,3.5,0
Iaurt de baut 4% de capra Covalact,1,1,1,0,0,64,3.4,4,3.6,0
Iaurt de baut banane si visine Jogobella Zott,1,1,1,0,0,69,2.2,0.7,13.4,1
Iaurt de baut bio mango Lassi Andechser,1,1,1,0,0,88,2.5,2.6,13.7,1.1
Iaurt de baut bio Pina Colada Lassi Andechser,1,1,1,0,0,86,2.5,2.6,13.1,1.1
Iaurt de baut capsuni si kiwi Activia Danone,1,1,1,0,0,68,2.9,0.8,12.5,0.8
Iaurt de baut cu capsuni Campina,1,1,1,0,0,66,2.8,1,11.6,0
Iaurt de baut cu capsuni Milli,1,1,1,0,0,101,3,2.8,16,0.8
Iaurt de baut cu capsuni Zuzu,1,1,1,0,0,77,3.2,1,15,0
"Iaurt de baut cu lapte de capra 2,7% Covalact",1,1,1,0,0,53,3.3,2.7,3.8,0
"Iaurt de baut cu piersici, lamaine, ceai verde Activia Danone",1,1,1,0,0,68,2.9,0.8,12.6,0.8
Iaurt de baut cu zmeura Zuzu,1,1,1,0,0,84,3.2,1,15,0
Iaurt de baut Dukat LaDorna,1,1,1,0,0,46,3.2,1.5,4.5,0
Iaurt de baut in tihna 2% Napolact,1,1,1,0,0,47,3.4,2,3.9,0
"Iaurt de baut mar si mango 0,1% PRO-X",1,1,1,0,0,72,3.2,0.1,13.9,0
Iaurt de baut Milli,1,1,1,0,0,62,3,3,4,0
Iaurt de baut Nutriday proteine Danone,1,1,1,0,0,42,3.2,1.7,3.6,0
"Iaurt de baut piersci, lamaie si ceai verde Activia",1,1,1,0,0,68,2.9,0.2,12.6,0.8
"Iaurt de baut piersici si maracuja 0,1 % PRO-X",1,1,1,0,0,75,3.2,0.1,14.9,0
"Iaurt de baut PRO-X breakfast drink capsuni 0,1 % grasime",1,1,1,0,0,83,3.2,0.9,15,1.5
Iaurt de baut visine vanilie Activia Danone,1,1,1,0,0,75,2.9,0.8,14.4,0.8
"Iaurt de baut Yop capsuni 1,3%  Yoplait",1,1,1,0,0,79,2.8,1.3,13.6,0
Iaurt de baut zmeura si lamaie Ehrmann,1,1,1,0,0,73,2.8,0.9,13.5,0
"Iaurt de capra 3,5%",1,1,1,0,0,57,3.1,3.5,3.5,0.2
"Iaurt de tara 2,2% cu caise alese Covalact",1,1,1,0,0,107,3.4,2.2,18.3,2.5
"Iaurt degresat 0,1% Sanlacta",1,1,1,0,0,34,3.8,0.1,4.6,0
Iaurt Delicios cu capsuni Danone,1,1,1,0,0,105,3.3,0,12.5,0
Iaurt dietetic 0% de la munte Prodlacta,1,1,1,0,0,29,3.5,0.1,3.8,0
Iaurt dietetic 0% Prodlacta,1,1,1,0,0,14,3.4,0.1,0,0
"Iaurt dietetic 0,1% Albalact",1,1,1,0,0,31,3.2,0.1,4.5,0
"Iaurt dietetic 0,1% Almsana",1,1,1,0,0,30,3.8,0.1,4.1,0
"Iaurt dietetic 0,1% Big Panda",1,1,1,0,0,29,3,0,4,0
"Iaurt dietetic 0,1% grasime Covalact",1,1,1,0,0,30,3.6,0.1,3.6,0
"Iaurt dietetic 0,1% Lacteea",1,1,1,0,0,32,3.3,0.1,4.5,0
"Iaurt dietetic 0,1% Marca 1",1,1,1,0,0,28,3.2,0.1,4.5,0
"Iaurt dietetic 0,1% Natura",1,1,1,0,0,28.4,3.2,0.1,4.5,0
"Iaurt dietetic 0,1% Raraul",1,1,1,0,0,36,3.5,0.1,5.2,0
"Iaurt din lapte de capra light 2,8% CapriLact",1,1,1,0,0,55,3.5,2.8,4,0
"Iaurt eco 3,5% Aldi R",1,1,1,0,0,72,5,3.5,4.7,0
Iaurt extra 3% Big Panda,1,1,1,0,0,55,3,3,4,0
Iaurt extra Zuzu 4%,1,1,1,0,0,66,3.2,4,4.5,0
"Iaurt fin 1,8% Paco",1,1,1,0,0,47,3.2,1.8,4.5,0
"Iaurt fructe de padure 1,5% Yoplait Family",1,1,1,0,0,92,2.8,1.5,16.8,0
Iaurt Frutisima,1,1,1,0,0,84,2.8,1.9,14,0
Iaurt Frutmania visine Danone,1,1,1,0,0,105,3.4,2.6,16.9,0
Iaurt Fulga 3%,1,1,1,0,0,57.7,3.2,3,4.5,0
"Iaurt gras 2,8% Carrefour",1,1,1,0,0,56,3.2,2.8,4.5,0
Iaurt grecesc 0% Olympus,1,1,1,0,0,50,8.5,0,4,0
Iaurt grecesc 0% Total,1,1,1,0,0,52,9,0,4,0
"Iaurt grecesc 1,6% cu rodie si zmeura Olympus",1,1,1,0,0,93,5.7,1.6,13.9,0.2
Iaurt grecesc 10% Continente,1,1,1,0,0,124,4.1,10,4.3,0
Iaurt grecesc 10% Olympus,1,1,1,0,0,124,5,10,3.5,0
Iaurt grecesc 10% Pilos,1,1,1,0,0,123.2,3.7,10,4.6,0
Iaurt grecesc 10% Sevis,1,1,1,0,0,121.3,4.3,10,3.5,0
Iaurt grecesc 10% Vio,1,1,1,0,0,117,3.2,10,3.5,0
"Iaurt grecesc 10,5% Eridanous",1,1,1,0,0,126,5,10.5,2.8,0
Iaurt grecesc 2% Olympus,1,1,1,0,0,61,7,2,3.8,0
Iaurt grecesc 5% Total,1,1,1,0,0,96,9,5,3.8,0
"Iaurt grecesc 9,2% Grisk Jogurt",1,1,1,0,0,127,7.8,9.2,3.3,0
"Iaurt grecesc 9,71% Bonas",1,1,1,0,0,115.1,3.7,9.7,3.3,0
Iaurt grecesc Alipende,1,1,1,0,0,120,3.3,10,4.1,0
Iaurt grecesc cu coacaze Olympus,1,1,1,0,0,116,7.1,2.1,17.4,0.4
Iaurt grecesc Danone,1,1,1,0,0,123,3.9,10,3.7,0
Iaurt grecesc Milbona,1,1,1,0,0,122,4.8,10,3.2,1.3
Iaurt Interagro,1,1,1,0,0,55.6,3.2,3.2,3.5,0
Iaurt ispita fructelor cu visine Milli,1,1,1,0,0,93,3.8,2.4,14,0
"Iaurt light 0,1% Galacta",1,1,1,0,0,30,3.2,0.1,4,0
"Iaurt light 0,1% Premio Unicarm",1,1,1,0,0,31.7,3.6,0.1,4.1,0
Iaurt mango pofticios Yoplait Tnuva,1,1,1,0,0,108,3.9,3.6,17,0
Iaurt mar copt cu scortisoara Yoplait,1,1,1,0,0,107,4.2,3.6,14.4,0
Iaurt mure si zmeura mix Muller,1,1,1,0,0,114,4,8.6,15.6,2
Iaurt musli si piersici Activia Danone,1,1,1,0,0,92,3.6,2.8,14,1.8
Iaurt Napolact Numai Bun,1,1,1,0,0,58,3.1,3.5,3.6,0
"Iaurt natur 0,1% bio Andechser",1,1,1,0,0,47,5.5,0.1,5.9,0
"Iaurt natur 0,9% de baut Activia Danone",1,1,1,0,0,35,3.1,0.9,3.6,0
"Iaurt natur 1,4% Sole",1,1,1,0,0,45,3.4,1.4,4.8,0
"Iaurt natur 2,5% Pilos",1,1,1,0,0,50.5,3,2.5,4,0
"Iaurt natur 2,6% Joya",1,1,1,0,0,57.6,4.5,2.6,3.7,2.9
"Iaurt natur 3,5% Pilos",1,1,1,0,0,64,3.6,3.5,4.6,0
Iaurt natural 0% Olympus,1,1,1,0,0,30,3.6,0,3.9,0
"Iaurt natural 0,1% cu indulcitor Bifidus Dia",1,1,1,0,0,36,4,0.1,4.9,0
"Iaurt natural 1,5% LaDorna",1,1,1,0,0,46,3.2,1.5,4.9,0
"Iaurt natural 1,9% Carrefour",1,1,1,0,0,51,3.6,1.9,4.8,0
Iaurt natural 10% Griego,1,1,1,0,0,122,3.6,10,3.9,0
Iaurt natural 2% Oly Olympus,1,1,1,0,0,48,3.5,2,3.9,0
"Iaurt natural 2,8 % Profi",1,1,1,0,0,57,3.2,2.8,4,0
"Iaurt natural 2,8%  Profi",1,1,1,0,0,54,3.2,2.8,4.1,0
"Iaurt natural 2,8% Campina",1,1,1,0,0,60,3.7,2.8,5.4,0
"Iaurt natural 2,8% Oikos Danone",1,1,1,0,0,67,7,1.8,3.5,0
"Iaurt natural 2,9% Auchan",1,1,1,0,0,56,3.5,2.9,4,0
"Iaurt natural 3,5% Yomo",1,1,1,0,0,68,3.5,3.5,4,0
"Iaurt natural 3,6% Bonas",1,1,1,0,0,60,3.9,3.6,3,0
"Iaurt natural 3,7% Onken",1,1,1,0,0,72,3.9,3.7,5.6,0.1
Iaurt natural 4% Olympus,1,1,1,0,0,64,3.2,4,3.9,0
"Iaurt natural 4,1%  SIM",1,1,1,0,0,54,3.2,4.1,2.8,0
"Iaurt natural 4,2% Yeo Valley",1,1,1,0,0,82,4.5,4.2,6.6,0
"Iaurt natural 7,3% de capra St Helen's",1,1,1,0,0,105,5.5,7.3,4.3,0
Iaurt natural Bio 0% Olympus,1,1,1,0,0,42,6,0,4.5,0
Iaurt natural Bio 3.5% Olympus,1,1,1,0,0,70,5,3.5,4.5,0
Iaurt natural Lactag,1,1,1,0,0,55.6,3.6,2.8,4,0
Iaurt natural soia Savia Danone,1,1,1,0,0,75,2.8,1.7,11.5,0.6
Iaurt natural Zuzu 3%,1,1,1,0,0,57,3.2,3,4.5,0
Iaurt naturl 2% Clever,1,1,1,0,0,49.6,3.2,2,4.8,0
"Iaurt Nutriday 1,4 % usor Danone",1,1,1,0,0,39,3,1.4,3.6,0
Iaurt Nutriday Delicios proteine Danone,1,1,1,0,0,86,3.2,2.4,13,0.1
Iaurt oaie si bivolita Cedra Napolact,1,1,1,0,0,94,3.7,7,4.1,0
"Iaurt organic 0,1% Yeo Valley",1,1,1,0,0,58,5.9,0.1,8.4,0
Iaurt pepene verde Yoplait Tnuva,1,1,1,0,0,108,4.2,3.6,3.6,0
Iaurt piersici si amaretto Activia Danone,1,1,1,0,0,106,3.6,3.3,14.6,0.2
Iaurt placinta cu mere Danone Cremoso,1,1,1,0,0,117,4,4.5,15,0.2
Iaurt portocale Froop Muller,1,1,1,0,0,112,3.6,3,16.8,0
Iaurt probiotic 2% Olympus,1,1,1,0,0,56,5.2,2,4.2,0
"Iaurt probiotic 3,5% Comlact",1,1,1,0,0,58,3.1,3.5,3.6,0
Iaurt Royal 4% Brenac,1,1,1,0,0,65,3.9,4,4.5,0
"Iaurt simplu 1,5% din belsug Tnuva",1,1,1,0,0,47,3.8,1.5,4.6,0
Iaurt Simplu 2% Tnuva,1,1,1,0,0,51,3.7,2,4.6,0
"Iaurt simplu 2,8% Casa Buna Danone",1,1,1,0,0,52,3.2,2.8,3.4,0
Iaurt strugure alb dulcios Yoplait,1,1,1,0,0,101,3.5,3,15,0.2
Iaurt tiramisu Cremoso Danone,1,1,1,0,0,111,4,4.6,13.6,0
Iaurt Tnuva,1,1,1,0,0,67,3.2,4,4.6,0
"Iaurt usor 1,5% Fulga",1,1,1,0,0,44,3.2,1.5,4.5,0
"Iaurt usor 1,8% NutriDay Danone",1,1,1,0,0,43,3.2,1.8,3.5,0
"Iaurt usor ecologic 0,1% Bioland",1,1,1,0,0,47,5.5,0.1,5.9,0
"Iaurt usor ecologic 1,8% Bioland",1,1,1,0,0,49,4.8,1.8,5.9,0
"Iaurt usurel 0,1% Napolact",1,1,1,0,0,28,3.2,0.1,3.6,0
Iaurt visine 1% Bunicel Unicarm,1,1,1,0,0,68,2.7,1,12,0
Iaurt visine Danone Nutriday Delicios,1,1,1,0,0,82,2.9,1.8,13.3,0.1
Iaurt Yoplait mandarine,1,1,1,0,0,105,4.3,3.6,13.9,0
Iaurt zdravan 6% Napolact,1,1,1,0,0,80,3.1,6,3.6,0
"Iaurt Zuzu 0,1%",1,1,1,0,0,31,3.4,0.1,4.5,0
Iaurtul meu fin  0% Tnuva,1,1,1,0,0,35,3.8,0.1,4.8,0
"Iaurtul meu fin Tnuva 0,1%",1,1,1,0,0,35,3.8,0.1,4.8,0
Iaurtul meu fin Tnuva 4%,1,1,1,0,0,67,3.5,4,4.6,0
"Iaurtul usor 0,1% Lactag",1,1,1,0,0,30.5,3.4,0.1,4,0
Branza 10% Cottage natur Spar,1,0,1,0,0,85,12.7,2.2,3,0.1
Branza Burgo De Arias,1,0,1,0,0,186,11.3,14.2,3.2,0
Branza Caciotta Kremina Inalpi,1,0,1,0,0,323,20,27,0,0
Branza crescenza,1,0,1,0,0,281,16.1,23.3,1.9,0
Branza de capra President,1,0,1,0,0,315,18,27,0,0
Branza de vaci 4% Gurmanika,1,0,1,0,0,108,16,4,2,0
"Branza dietetica 0,1% Metro Quality",1,0,1,0,0,69,17,0.1,2,0
Branza feta Yalos,1,0,1,0,0,258,16.5,21,0.7,0
Branza mascarpone Granarolo,1,0,1,0,0,395,3.2,41.5,2.2,0
Branza mascarpone Sainsbury's,1,0,1,0,0,412,3.6,42,4.9,0
Branza mozzarella Campana Metro,1,0,1,0,0,278,17,23,0.5,0
Branza mozzarella Fidel,1,0,1,0,0,240,17,18.5,1.3,0
Branza proaspata de vaca Monor,1,0,1,0,0,98.1,17.2,1.2,4,0
Branza proaspata K Classic,1,0,1,0,0,133,15.5,5,6.5,0
"Branza proaspata slaba 4,4% de vaca Clever",1,0,1,0,0,97,10.8,4.4,3.6,0
Branza ricotta 9% Sterilgarda,1,0,1,0,0,134,10,9,3.2,0
Branza topita Armonie JLC,1,0,1,0,0,196,20,12,2,0
Branza topita chedder K-Classic,1,0,1,0,0,283,14,23,0,0
Branza topita cu smantana Fine Food,1,0,1,0,0,277,8,25,5.8,0
Branzica dulce 4% Mic-vis JLC,1,0,1,0,0,172,17.6,4,16.4,0
Budinca cu gust de ciocolata cu 30% budinca cu gust de vanilie Paula Dr. Oetker,1,0,1,0,0,116,3.1,3.9,16.8,0.5
Budinca din lapte Milli Mia,1,0,1,0,0,113,3,19,2.7,0
Cascaval afumat Borcea,1,0,1,0,0,250,18,14,13,0
Cascaval afumat Bradet Gordon,1,0,1,0,0,316,26.5,22,0.6,0
Cascaval Galereux,1,0,1,0,0,327,26.5,25.5,0,0
Cascaval Galereux Lidl,1,0,1,0,0,327,26.5,25.5,0.7,0
Cascaval Hochland Light,1,0,1,0,0,236,18,18,0.5,0
Cascaval Morskam,1,0,1,0,0,334,25,26,0.1,0
Cascaval organic Tesco,1,0,1,0,0,420,25.4,34.9,0.1,0
Chefir 0% Lactonia,1,1,1,0,0,27.2,3,0,3.8,0
Chefir degresat 0% JLC,1,1,1,0,0,32,3,0,5,0
Ayran,1,1,1,0,0,51.6,2.9,2.8,0,0
"Ayran 1,5% Big Panda",1,1,1,0,0,27.5,1.5,1.5,2,0
"Ayran 2,2% Pilos",1,1,1,0,0,34.2,1.5,2.2,2.1,0
Ayran Sarikiz,1,1,1,0,0,18.5,1.5,0.5,2,0
Crema de branza cu visine Quark Exquisa,1,1,1,0,0,89,6.4,0.2,15.5,0
Crema de unt cu mirodenii Gustoso,1,0,0,0,0,360,2.5,38,2,0
Crema de unt natur Gustoso,1,0,0,0,0,360,2.5,38,2,0
