Amestec de seminte in chia psysillium,0,1,1,0,0,496.5,11.4,30.1,40,29.4
Alune de padure crude Poex,1,1,1,0,0,652,12,62,11,8.2
Amestec cereale integrale Integral-R Rommac,1,1,1,0,0,320,11.5,3.3,60.8,20
Amestec de cereale Pirifan,1,1,1,0,0,356,11.5,3.9,68,0
Amestec tarate psyllium  ovaz  in  carob SanoVita,1,1,1,0,0,133,7.2,8.2,6.5,24
Arpacas de grau Deroni,1,1,1,0,0,375.2,9.8,2.2,79.1,0
Arpacas de orz,1,1,1,0,0,352,9.9,1.2,77.7,15.6
Boabe de hrisca integrale Pirifan,1,1,1,0,0,343,13.3,2.7,71.5,10
Boabe de naut 365,1,1,1,0,0,353,19.5,4.8,58,0
Boabe naut Sanovita,1,1,1,0,0,389,19,5.5,58,5
Cannelloni Buitoni,0,1,1,0,1,350,11.5,1.9,71.8,3
Cereale 90% fructe uscate Exotic Sanovita,1,1,1,0,0,312.8,5.9,17,67.7,1.4
Cereale All Bran Kelloggs,1,1,1,0,0,323,12,1.5,81,15
Cereale Bixies Sanitarium,1,1,1,0,0,356,12.4,1.4,67,11
Cereale Cheerios  Nestle,1,1,1,0,0,375,7,3.7,78.5,5.2
Cereale cocoa balls Viva,1,1,1,0,0,373,6,5,76,3
Cereale cookie crisp Nestle,1,1,1,0,0,377,6.4,3.4,35.3,5.2
Cereale Cookie Crisp Nestle,1,1,1,0,0,375,6.3,3.1,80.4,5.3
Cereale Crispy Millet SanoVita,1,1,1,0,0,388,8,3,80,3.8
Cereale cu cacao Choco Shells Distins,1,1,1,0,0,389,8.1,3,76,6.5
Cereale cu ciocolata Brumi,1,1,1,0,0,384,7.2,2.8,82.5,4.6
Cereale cu ciocolata fara gluten Gerble,1,1,1,0,0,372,7.8,2.6,79.3,3.1
Cereale cu fructe Fit-Grain Mr. Breakfast,1,1,1,0,0,340,6.4,2.5,73.1,5.3
Cereale cu fructe muesli Dia,1,1,1,0,0,322,8.6,6,60.9,3.5
Cereale cu fructe Proxi,1,1,1,0,0,330,9.5,3.8,64,10
Cereale cu fructe si nuci All Bran Kelloggs,1,1,1,0,0,380,8,6,69,9
Cereale cu germeni de grau pentru dieta Titan,1,1,1,0,0,380,8.7,14.9,52.7,0
Cereale cu lapte mar si morcov Milupa,1,1,1,0,0,438,12.7,12.7,68.2,1.1
Cereale cu miere si alune Honey & Nut Flakes K-Classic Kaufland,1,1,1,0,0,400,8.9,7.2,72.4,5
Cereale cu miere Viva Honey Rings,1,1,1,0,0,396,6,3.5,83,4
Cereale cu migdale si nuci Almonds Nuts Granola Nestle,1,1,1,0,0,414,9.7,9.6,68.1,8.3
Cereale cu musli si fructe Integral-R Rommac,1,1,1,0,0,360,9,7,65,9.7
Cereale cu musli Solaris Plant,1,1,1,0,0,282.9,9.3,9.9,49.7,9.7
Cereale cu scortisoara Brumi,1,1,1,0,0,411,6.7,8.4,77.1,2
Cereale cu scortisoara Nestle Cini Minis,1,1,1,0,0,420,5,9.9,75.7,4.1
Cereale cu scortisoara Viva Star,1,1,1,0,0,459,5,15,75,2
Cereale de corumb corn flakes bio Delhaize,1,1,1,0,0,378,6.9,0.9,84.3,2.5
Cereale de grau cu musli Trauben-Nuss,1,1,1,0,0,392,11,12,60,10
Cereale de grau integrale Weetabix,1,1,1,0,0,338,11.5,2,64.4,10
Cereale de porumb corn flakes K-Classic Kaufland,1,1,1,0,0,390,8.9,2.2,82.4,2.4
Cereale de porumb Corn Flakes Nestle,1,1,1,0,0,376,7.3,1.5,83.4,3
Cereale de porumb Winny,1,1,1,0,0,387,8,1.5,85.5,2
Cereale din orez Rice Krispies Kelloggs,1,1,1,0,0,380,6,1,87,1
Cereale din tarate de grau cu 7 vitamine si fier Absolut Bran,1,1,1,0,0,236,16.3,2.2,37.7,35.5
Cereale exotice Goody Vitelle,1,1,1,0,0,371,7.1,3.2,75.7,5.4
Cereale expandate Bobita,1,1,1,0,0,364,6.8,0.4,86.8,6.6
Cereale extrudate sub forma de ineluse cu miere si scortisoara Crispyrings,1,1,1,0,0,390,6,4.5,81,4.3
Cereale Fit & Form Viva,1,1,1,0,0,384,6.6,3.5,70,5
Cereale fitness Stilla Natural,1,1,1,0,0,384.9,7.8,1.3,83.9,3.2
Cereale flakes pure Kaufland Classic,1,1,1,0,0,376,12.7,2.9,67.8,14.9
Cereale fruits&fibres Auchan,1,1,1,0,0,381,10,8.5,66,9
Cereale Fruity Muesli Tilos,1,1,1,0,0,321,10.9,2.6,63.6,10.7
Cereale Gold Flakes Nestle,1,1,1,0,0,396,7.1,4.4,81.9,2.4
Cereale granola Tilos,1,1,1,0,0,395,10,10,70,8
Cereale integrale Cora,1,1,1,0,0,396,7.1,3.6,83.8,4.4
Cereale integrale cu 30% fructe deshidratate Distins,1,1,1,0,0,332,9.6,4,68.2,0
Cereale integrale cu vitamine Carrefour,1,1,1,0,0,374,8.1,1.5,82,4.4
Cereale integrale de grau Nestle,1,1,1,0,0,363,8,1.3,79.8,5.1
Cereale integrale de grau Shreddies Nestle,1,1,1,0,0,209,8.3,2.8,35.6,3.9
Cereale integrale Diet Dobrogea,1,1,1,0,0,346,8.7,1.9,71.3,16.4
Cereale integrale Fitness,1,1,1,0,0,372,8.4,1.4,78.4,1.4
Cereale Kelloggs All Brann Original,1,1,1,0,0,250,11.1,2.8,75,33.3
Cereale Kelloggs All Brann Plus,1,1,1,0,0,280,14,3.5,48,27
Cereale Kelloggs Special K,1,1,1,0,0,374,15,1.5,75,2.5
Cereale mic dejun Lion Nestle,1,1,1,0,0,402,8.3,5.6,77.2,0
Cereale miere si caramel Cora,1,1,1,0,0,346,8.6,1.7,74,5.6
Cereale musli cu fructe Rommac,1,1,1,0,0,330,8.2,4,69,10
Cereale musli cu fructe Sanovita,1,1,1,0,0,402,9.8,8.3,71.4,4
Cereale musli integrale 30% fructe Carrefour,1,1,1,0,0,360,9,7,65,11
Cereale musli integrale stafide si nuci Lidl,1,1,1,0,0,368,10.8,9.3,54.9,10.8
Cereale Musli Nuts Sanovita,1,1,1,0,0,362,8.7,11.5,69,2
Cereale Musli traditional Nestle,1,1,1,0,0,358,11.3,6.5,63.7,7.7
Cereale musli tropical Nestle,1,1,1,0,0,365,9.3,6.9,66.3,7.2
Cereale musli tropical Nestle,1,1,1,0,0,381,9.2,7.1,66.3,7.7
Cereale Nesquik Duo Nestle,1,1,1,0,0,400,7.8,6.1,75.6,5.3
Cereale Nestle Chocapic,1,1,1,0,0,382,8.4,2.8,76.2,0
Cereale Nestle Cini Minis,1,1,1,0,0,412,4.9,9.9,75.9,4.1
Cereale Nestle Fitness Chocolate,1,1,1,0,0,398,7.9,6.3,74.8,5
Cereale Nestle Fitness cu fructe,1,1,1,0,0,353,6,2.1,77.4,5
Cereale Nestle Nesquik,1,1,1,0,0,386,8.1,3.9,76.1,6.3
Cereale orez si grau integral Delhaize,1,1,1,0,0,370,11,1.5,78,3.5
Cereale simple Nestle Fitness,1,1,1,0,0,369,8.4,1.3,77.6,6.2
Cereale tarate ovaz gust caramel Dukan,1,1,1,0,0,298,13.1,7.8,27.4,6.2
Cereale vanilie si scortisoara Go Light Rommac,1,1,1,0,0,340,7.9,2.1,75,6.5
Complex din fulgi de cereale cu stafide Sanovita,1,1,1,0,0,393,10.3,3,77.4,0
Conserva boabe naut fierte Divella,1,1,1,0,0,72,4.3,1.3,8.6,4.5
Conserva porumb dulce auriu DAucy,1,1,1,0,1,91,2.9,2.4,12.2,3.6
Corn,1,1,1,0,0,242,10,0.8,50.8,2.5
Cous cous Barilla,0,1,1,0,1,356,12,1.5,72.2,3
Cous Cous Panzani,0,1,1,0,1,369,13,2,73,3.4
Cous cous Urtekram,0,1,1,0,1,360,11,2.3,69,7.7
Cous-cous fiert,0,1,1,0,1,159,4,1,31,1
Covrig patiserie cu sare,1,1,1,0,0,331.4,10.5,7.1,56.6,2.8
Covrigei,1,1,1,0,0,378,10,3,79,5
Covrigei Capollini,1,1,1,0,0,410,10,13,71,0
Covrigei cu sare Capollini Pan Group,1,1,1,0,0,442.5,9.5,12.5,73,0.6
Covrigei cu sare Jack Pot,1,1,1,0,0,406,10,6,78,0
Covrigei cu tarate Mini Feast,1,1,1,0,0,399.5,8.1,11.5,70.6,0
Covrigei superiori cu rosii busuioc si oregano Boromir,1,1,1,0,0,429,10.9,10.3,73.3,0
Covrigei ulei de masline Boromir,1,1,1,0,0,501,10.8,18.3,73.2,0
Covrigei vanilati Dorivi Prodcom,1,1,1,0,0,441.4,10.2,12,73.1,0
Covrigi,1,1,1,0,0,320,11,1,71,3.4
Covrigi de Buzau Boromir,1,1,1,0,0,418,11.2,6.1,77.4,0
Crutoane cu ulei de masline Panmonviso,1,1,1,0,0,438,11.5,15.5,63.2,15
Cus-cus Arnos,0,1,1,0,1,362,10.9,2.4,74.2,0
Fasole extra Sunshine,1,1,1,0,1,272,23.5,1.5,41.1,0
Felii cereale cu seminte Linia Velt Rommac,1,1,1,0,0,392,8.7,2.5,83.5,0
Felii crocante cu faina integrala graham Stilla Fitness ,1,1,1,0,0,342.8,10,0.8,70.8,3.9
Felii crocante cu secara Stilla Fitness,1,1,1,0,0,374,9.2,2.6,78.9,9.5
Felii crocante cu secara Stilla Fitness line,1,1,1,0,0,336.3,9.6,1.8,69.7,5.6
Felii crocante de secara si seminte de susan Casino,1,1,1,0,0,365,11,8.6,52,20
Felii crocante din porumb cu branza Stilla Fitness,1,1,1,0,0,382,10,4.2,76.1,3.2
Felii crocante integrale Burger,1,1,1,0,0,341,10.5,4.5,54.2,21
Felii de cereale Velt,1,1,1,0,0,353,9.6,1.9,73.5,6.5
Felii din cereale cu seminte Agapy,1,1,1,0,0,326,12.8,2.3,63.4,10.3
Felii orez expandat Plus,1,1,1,0,0,392,8.3,3,83.2,2.9
Foccacia,1,1,1,0,0,263,8.8,8.8,36.8,1.8
Fulgi cereale integrale Ballus Rommac,1,1,1,0,0,373,7.8,2.9,78,4.3
Fulgi cereale integrale continut redus de zahar Distins,1,1,1,0,0,360,8.3,1.9,73.8,7.1
Fulgi crocanti cu capsuni  zmeura si visine Nutrisslim,1,1,1,0,0,347,11.1,2,71.2,10.9
Fulgi cu cereale integrale si orez Rommac,1,1,1,0,0,373.9,8.1,1.5,82,4.4
Fulgi cu cereale integrale si orez  cu fructe Rommac,1,1,1,0,0,362,6,2.3,79,4.3
Fulgi de cacao Viva,1,1,1,0,0,400,7.5,3.7,82,4.3
Fulgi de cereale (grau secara ovaz orz) Sanovita,1,1,1,0,0,320,11.5,3.3,60.8,9.7
Fulgi de cereale (grau secara ovaz porumb orz) Sanovita,1,1,1,0,0,325,11.3,3.2,61.8,10
Fulgi de cereale cu iaurt Stilla Fitness,1,1,1,0,0,405.3,7.5,5.1,80.9,2.9
Fulgi de cereale Integrale Distins 3S Super Slim Siluet,1,1,1,0,0,406,9.9,2.7,85.6,6
Fulgi de cereale Multi Cereal Solaris Plant,1,1,1,0,0,313,11.6,2.8,72.3,13.1
Fulgi de grau,1,1,1,0,0,339,10,1,83,12
Fulgi de grau cu miere si caramel Hero,1,1,1,0,0,370,8,1.5,81,0
Fulgi de grau cu tarate Sanovita,1,1,1,0,0,357,10,2.4,72.6,0
Fulgi de grau cu vitamine Sanovita,1,1,1,0,0,334,10.8,2.4,67,11.6
Fulgi de grau germinat Granovit,1,1,1,0,0,308,13,1.8,58,9
Fulgi de grau integral cu fibre si pudra de cacao Linia Velt,1,1,1,0,0,340,8.7,2,75.4,7
Fulgi de grau integral  fibre si pudra de cacao Rommac,1,1,1,0,0,340,8.7,2,75.4,7
Fulgi de grau Noe,1,1,1,0,0,317,11.6,1.6,56.3,9
Fulgi de grau Pirifan,1,1,1,0,0,350,10.6,1.8,72.3,0
Fulgi de grau Sanovita,1,1,1,0,0,301,11.7,1.8,59.6,0
Fulgi de mei SanoVita,1,1,1,0,0,388,8,3,80,3.8
Fulgi de orez natur Rommac,1,1,1,0,0,340,9,2,70,0
Fulgi de orz,1,1,1,0,0,386,14.4,6.8,64.3,15.5
fulgi de orz Agapy,1,1,1,0,0,318,11.9,1.6,57.3,2.7
Fulgi de orz Pirifan,1,1,1,0,0,352,11.9,3.6,67.3,0
Fulgi de orz SanoVita ,1,1,1,0,0,338,10.4,1.4,71,10
Fulgi de ovaz,1,1,1,0,0,246,17,7,66,15.4
Fulgi de ovaz Auchan,1,1,1,0,0,368,11,7.5,58,12
Fulgi de ovaz bio Alnatura,1,1,1,0,0,372,13,7,59.1,10.2
Fulgi de ovaz bio Delhaize,1,1,1,0,0,351,12.5,7.4,58.7,8.7
Fulgi de ovaz Carrefour ,1,1,1,0,0,354,14.9,7.6,56.5,9.5
Fulgi de ovaz Crispy Oat SanoVita,1,1,1,0,0,352,15,7,56,12.3
Fulgi de ovaz cu miere Quaker Oat so Simple,1,1,1,0,0,366,8.4,6.2,68.7,6.8
Fulgi de ovaz delicat Hahne,1,1,1,0,0,360,12.5,7,57,0
Fulgi de ovaz Fortin,1,1,1,0,0,366,12.5,7,63.3,5.4
Fulgi de ovaz integral Solaris,1,1,1,0,0,359,12.7,6.1,63.5,0
Fulgi de ovaz intergral Morning Sun,1,1,1,0,0,352,13.5,7,58.7,0
Fulgi de ovaz marunti Holiday,1,1,1,0,0,352,13.5,7,58.7,10
Fulgi de ovaz Mercanti,1,1,1,0,0,372,13,7,59.1,10.2
Fulgi de ovaz NaturTierra,1,1,1,0,0,371,12,7,65,4
Fulgi de ovaz Noe,1,1,1,0,0,354,13,6.2,62.5,9
Fulgi de ovaz Pirifan,1,1,1,0,0,355,15.5,7.4,57.5,8.7
Fulgi de ovaz Pronat,1,1,1,0,0,389,16.9,6.9,66.3,10.6
Fulgi de ovaz Quaker,1,1,1,0,0,356,11,8,60,9
Fulgi de ovaz Quaker Multifruit,1,1,1,0,0,371,8.3,5.7,68.2,6.9
Fulgi de ovaz Rommac,1,1,1,0,0,320,10,4.7,58,6.8
Fulgi de ovaz Sanovita,1,1,1,0,0,352,13.5,7,58.7,0.5
Fulgi de porumb,1,1,1,0,0,357,7.7,0.6,85.7,3.6
Fulgi de porumb 365,1,1,1,0,0,378.5,8,0.5,85.5,0
Fulgi de porumb Carrefour,1,1,1,0,0,356,7.8,0.8,81.4,0
Fulgi de porumb Clasic vitamine si fier Rommac,1,1,1,0,0,370,6.9,1.5,82.4,3
Fulgi de porumb Clever,1,1,1,0,0,376,7.4,1.5,81.4,0
Fulgi de porumb Cribbits,1,1,1,0,0,358,8.1,1,80.4,4.2
Fulgi de porumb cu ciocolata Fortza Titan,1,1,1,0,0,393.1,8.6,2.7,83.4,0
Fulgi de porumb cu fructe exotice Sanovita,1,1,1,0,0,313.1,5.9,17,67.7,1.4
Fulgi de porumb cu miere Fortza Titan,1,1,1,0,0,423.1,6.6,7.9,81,0
Fulgi de porumb cu multivitamine si fier Fortza Titan,1,1,1,0,0,378.5,8,0.5,85.5,3.6
Fulgi de porumb Distins,1,1,1,0,0,376,7.7,1,85.4,1
Fulgi de porumb fara zahar Agapy,1,1,1,0,0,355,8.2,1.3,72.5,2.1
Fulgi de porumb fara zahar Pirifan,1,1,1,0,0,335,8.2,1.3,72.5,2.1
Fulgi de porumb fara zahar Sanovita,1,1,1,0,0,370,8.6,0.8,82.2,0
Fulgi de porumb fara zahar Solaris,1,1,1,0,0,368,8,1.5,85,3.6
Fulgi de porumb Goody,1,1,1,0,0,375,8.2,1.3,81.5,2.3
Fulgi de porumb Granovit,1,1,1,0,0,371,8.2,1.2,81.8,1.4
Fulgi de porumb Proxi,1,1,1,0,0,374,6.6,0.7,84.4,0
Fulgi de porumb Stilla Natura,1,1,1,0,0,384.7,7.9,1.2,84.6,2
Fulgi de porumb Winny,1,1,1,0,0,390,8.4,1,84.5,0
Fulgi de secara,1,1,1,0,0,322,9,1.5,66,14.8
Fulgi de secara Pirifan,1,1,1,0,0,352,9.7,2.6,70.8,0
Fulgi de secara Sanovita,1,1,1,0,0,296,9.5,1.7,60.7,0
Fulgi de secara Solaris Plant,1,1,1,0,0,322,9,1.5,66,12
Fulgi din cereale cu fibre din roscoava si vanilie Linia Velt,1,1,1,0,0,340,7.9,2.1,75,6.5
Fulgi din cereale integrale germinate Granovit Alfa-Beta,1,1,1,0,0,325,11,3.2,61.8,9
Fulgi din porumb corn flakes Viva,1,1,1,0,0,400,6.8,2.3,87,2
Fulgi grau Bulgur Bohlsener Muehle,1,1,1,0,0,235,4,1,52.5,4.4
Fulgi multi grain Sano Vita,1,1,1,0,0,320,11.5,1.7,60.8,7
Fulgi ovaz bio Ota SolGryn,1,1,1,0,0,359,13,7,56,10
Fulgi ovaz cu seminte canepa Canah,1,1,1,0,0,441,19,18.5,51,20
Fulgi ovaz extra fini Bulkpowders,1,1,1,0,0,361,11,8.1,61.1,8.5
Fulgi ovaz Flocons dAvoine Auchan,1,1,1,0,0,368,11,7.5,58,12
Fulgi pentru piure Maggi,1,1,1,0,1,350,9,3.4,70.6,5.8
Fulgi petale de orez si grau integral Cora,1,1,1,0,1,381,10,1.4,80,4
Fulgi porumb Aro,1,1,1,0,0,391,7.8,1.8,85.2,1.4
Fulgi porumb imbogatit cu 8 vitamine K Classic,1,1,1,0,0,390,8.9,2.2,82.4,2.4
Fulgi porumb Stilla Fitness Kaufland,1,1,1,0,0,371,7.8,1.4,81.8,4.1
Fulgi presati din grau integral Sanitarium Weet-Bix,1,1,1,0,0,356,12.4,1.4,67,11
Fusilli tricolori La Capannina,1,1,1,0,1,358,12,1.1,75,0
Galete din orez 365,1,1,1,0,0,380,7.6,3.5,79.1,0
Germeni de grau,1,1,1,0,0,360,23.2,9.7,51.8,13.2
Germeni de grau bio Probios,1,1,1,0,0,360,23,9.7,51.8,13.2
Germeni de grau Sanovita,1,1,1,0,0,350,8.7,10,56.3,1.6
Germeni de grau Solaris,1,1,1,0,0,360,15.5,12,52.5,6.5
Gluten din grau SanoVita,1,1,1,0,0,376,77,1.4,9.5,0
Gnocchi di patate Bertagni,1,1,1,0,0,146,3.5,0.3,32.3,0
Gransoare Carefour,1,1,1,0,0,372,8,1.3,80,5.9
Grau bulgur germinat granovit Solaris,1,1,1,0,0,308,13,1.8,58,9
Grau expandat dulce cu gust de fructe Triti Bell,1,1,1,0,0,383,6.5,1,87.6,4.1
Grau germinat Carrefour,1,1,1,0,0,308,13,1.8,58,9
Grau incoltit,1,1,1,0,0,349,25,8,42,11
Grau seminte,1,1,1,0,0,347,14.4,1.8,72,12.2
Hrisca,1,1,1,0,0,343,13.2,3.4,71.5,10
Hrisca Bunetto,1,1,1,0,0,335,12.6,3.3,63.2,0
Hrisca Sano Vita,1,1,1,0,0,341,12.6,3.3,68.2,3.7
Linguine De Cecco,0,1,1,0,1,346,13,1.5,70.2,3.5
Linte rosie decorticata Trs,1,1,1,0,1,318,23.8,1.3,56.3,5
Lipie,1,1,1,0,0,270,8.1,2.7,51.4,4.1
Lipie Carrefour,1,1,1,0,0,317,9.3,7,54.2,0
Lipie cu ierburi Deli Wraps,1,1,1,0,0,319,7.1,7.8,53.8,2.8
Lipie graham,1,1,1,0,0,266,10,3,55,7
Macaroane,0,1,1,0,1,371,13,1.5,74.7,3.2
Mei fiert,1,1,1,0,0,119,3.5,1,23.7,1.3
Mei uscat,1,1,1,0,0,378,11,4.2,72.9,8.5
Mini penne rigate piccolini Barilla,0,1,1,0,1,355,12.7,2,69.3,4.5
Mix de cereale Basis Müsli Naturgut,1,1,1,0,0,361,12.4,6.8,56.8,9.6
Muesli bio cu ciocolata 70%  cu alune si cocos Montignac,1,1,1,0,0,401,9.9,16.7,52.8,12.7
Muesli capsuni Goody Vitelle,1,1,1,0,0,369,11.1,2.9,69.2,10.8
Muesli Cranberries Sano Vita,1,1,1,0,0,354,7.5,1.8,72.5,6
Muesli crunchy ciocolata-banana Goody Vitelle,1,1,1,0,0,415,8.8,10.3,67.9,7.7
Muesli crunchy cu ciocolata Stilla Natura,1,1,1,0,0,470,9.6,18.6,63,6
Musli 40% fructe Stilla,1,1,1,0,0,371,8.2,4,74.6,0
Musli 40% Fruit Stilla Natura,1,1,1,0,0,371,8.2,4,74.6,7
Musli Beeren Real Bio,1,1,1,0,0,320,9.4,4.9,59.5,10.1
Musli bio cu cacao Solaris Granovit,1,1,1,0,0,361,11.2,4,7.1,9.2
Musli cereale integrale cu stafide si alune Knusperone,1,1,1,0,0,368,10.8,9.3,54.9,10.8
Musli cereale integrale cu stafide si migdale Granola,1,1,1,0,0,392,11,12,60,10
Musli crocant cu capsuni si mere Vie Sant,1,1,1,0,0,334,6.2,4.1,68.7,0
Musli crocant cu ciocolata si alune Bioking,1,1,1,0,0,483,8.4,26.9,48.5,0
Musli crocant cu mere si scortisoara Bioking,1,1,1,0,0,433,7.6,13.4,68.8,0
Musli crocant cu miere Vitalis,1,1,1,0,0,427,7.8,14,68,6.1
Musli crocant cu stafide si grau incoltit Vitalis Dr. Oetker,1,1,1,0,0,426,9.9,15.4,62.1,7.2
Musli crocant cu zmeura Bioking,1,1,1,0,0,440,7,20.4,55.5,0
Musli Crunch mure si zmeura SanoVita,1,1,1,0,0,432,8.5,12.6,64,0
Musli Crunchy Stilla Natura,1,1,1,0,0,455,7.3,15.1,72.2,0
Musli cu 10 fructe diferite SanoVita ,1,1,1,0,0,332,9.6,4,68.2,0
Musli cu 30% fructe Master Crumble ,1,1,1,0,0,334,10,6.4,59.2,9.2
Musli cu 40% fructe cu 10 vitamine SchneeKoppe Kaufland,1,1,1,0,0,319,8.2,4.3,61.3,9.7
Musli cu 40% fructe Distins,1,1,1,0,0,317,7.8,4.6,61.1,9.2
Musli cu 40% fructe Vitalis,1,1,1,0,0,317,7.8,4.6,61.1,9.8
Musli cu 50% fructe Alnatura,1,1,1,0,0,329,8.5,4.1,64.6,19
Musli cu alune Morning Sun,1,1,1,0,0,346,10.7,9.3,54.8,11
Musli cu alune Sanovita,1,1,1,0,0,413,8.7,11.5,68.7,1.6
Musli cu amestec de nuci Vitalis Plus,1,1,1,0,0,475,10.2,23.3,56.1,6.9
Musli cu capsuni Crunchy Stilla Natura,1,1,1,0,0,463,8.4,15,73.3,0
Musli cu cereale germinate Granovit,1,1,1,0,0,350,10.5,3.1,63.5,8.5
Musli cu cereale integrale 32% fructe Knusperone,1,1,1,0,0,343,9,5.4,59.6,10
Musli cu cereale integrale Knusperone,1,1,1,0,0,343,9,5.4,59.6,10
Musli cu cereale integrale si seminte Bio Real,1,1,1,0,0,335,12.4,7.7,54.1,12.9
Musli cu ciocolata Vitalis,1,1,1,0,0,400,9.8,12.6,62,7.5
Musli cu fibre Sanovita,1,1,1,0,0,384,6.3,7.7,66.3,15.5
Musli cu fructe 365,1,1,1,0,0,335,9.7,4.8,63.5,6.5
Musli cu fructe Distins,1,1,1,0,0,332,9.6,4,68.2,0
Musli cu fructe FineFood,1,1,1,0,0,342,10.3,3.5,73.1,11.5
Musli cu fructe Goody Crunchy,1,1,1,0,0,440,6.1,16,64,0
Musli cu fructe si  nuci 365 Delhaize Mega Image,1,1,1,0,0,358,9.7,4.4,67.4,4.9
Musli cu fructe Winny,1,1,1,0,0,330,9.5,3.8,68.5,9.7
Musli cu fulgi de ciocolata si alune Distins,1,1,1,0,0,346,9.6,4,68.2,9.2
Musli cu goji SanoVita,1,1,1,0,0,383,12.6,6.4,64.8,5.5
Musli cu iaurt Joghurt Musli Master Crumble Lidl,1,1,1,0,0,380,11.8,7.8,61.5,8.2
Musli cu mar si scortisoara Nestle,1,1,1,0,0,344,9.7,3.6,68.2,8
Musli cu mar si scortisoara Rommac,1,1,1,0,0,365,7.2,7.1,68,6.7
Musli cu stafide si alune Stilla,1,1,1,0,0,403.8,11.2,9,69,0
Musli cu stafide si aluneStilla Natura,1,1,1,0,0,388,11,9,62,7
Musli cu stafide  alune  nuci Stilla Natura,1,1,1,0,0,350,10.8,4.6,71.5,10.3
Musli din cereale cu fulgi de ciocolata amaruie 20% Master Crumble,1,1,1,0,0,420,9.9,12.5,63.4,0
Musli din cereale intergrale cu stafide si nuci Master Crumble Lidl,1,1,1,0,0,368,10.8,9.3,54.9,10.8
Musli Dynamic Vitalis Dr. Oetker,1,1,1,0,0,356,11.3,7.2,61.4,7.6
Musli Fit & Active Vollkorn,1,1,1,0,0,331,9.8,5.7,60,10
Musli fructe de padure Sanovita,1,1,1,0,0,387,9.6,5.4,70.8,4.5
Musli fructe Granola,1,1,1,0,0,346,8.9,5.6,65,8.8
Musli Goody Breakfast,1,1,1,0,0,350,11.5,6.4,61.7,0
Musli instant cu fructe Sanovita,1,1,1,0,0,324,7.9,6.8,72.4,0.5
Musli Morning Sun,1,1,1,0,0,321,8.9,5,60.2,9.8
Musli Nestle,1,1,1,0,0,414,9.7,9.6,68.1,8.3
Orez 3 culori Auchan,1,1,1,0,1,345,7.5,0.7,76,2.5
Orez alb negatit,1,1,1,0,1,365,7,1,80,1
Orez Atifco,1,1,1,0,1,361,6,0.8,82,0.6
Orez Basmati negatit,1,1,1,0,1,347,8,0,76,12
Orez basmati of India Noe,1,1,1,0,1,351,7,1.2,76.7,1.2
Orez basmati si salbatic Panzani,1,1,1,0,1,358,9.1,1.1,78,0
Orez Basmati Uncle Bens,1,1,1,0,1,351,9,1.1,76,0.6
Orez Bio Nature,1,1,1,0,1,382,7.6,2.4,81,3.1
Orez bob lung Atifco,1,1,1,0,1,340,7,0.5,78.4,2.5
Orez bob lung Uncle Bens,1,1,1,0,1,344,7.7,0.4,77,1.4
Orez bob rotund Eisler,1,1,1,0,1,344,7,0.9,77,0
Orez brun integral Gran Nero Riso Scotti,1,1,1,0,1,325,9.9,3.4,63.7,8.5
Orez brun integral Riso Scotti,1,1,1,0,1,360,7.9,2.6,76.3,4.3
Orez brun prefiert Panzani,1,1,1,0,1,350,8,2.9,73,1
Orez brun prefiert Panzani gatit,1,1,1,0,1,141.8,2.9,2.9,26.1,1
Orez brun Sanovita,1,1,1,0,1,349,7.3,2.8,71.2,3.3
Orez Camolino Atifco Foods,1,1,1,0,1,343,6.6,1.2,77.5,2
Orez Carosio,1,1,1,0,1,354,6.7,1.5,78.5,0
Orez cu bob foarte mare Colosal Scotti,1,1,1,0,1,359,6.8,1.4,79.8,1.2
Orez cu bob lung negatit,1,1,1,0,1,370,7.9,2.9,77.2,3.5
Orez cu bob lung Panzani Express,1,1,1,0,1,351.2,7,0.5,76.5,0
Orez cu bob lung Scotti,1,1,1,0,1,347,6.7,0.6,78.8,0
Orez cu bob mare Panzani,1,1,1,0,1,345,7,0.9,78,0.4
Orez cu bob mare Scotti,1,1,1,0,1,334,6.8,0.7,77.5,0
Orez cu bob rotund Aro,1,1,1,0,1,342,7.3,0.2,78.4,4.3
Orez cu bob rotund Deroni,1,1,1,0,1,343,6.8,1.3,76.1,0.7
Orez cu bob rotund Scotti,1,1,1,0,1,355,6.4,0.9,80.5,0
Orez Deroni,1,1,1,0,1,351,7,1,78,1
Orez Deroni Extra,1,1,1,0,1,336,8.1,1.2,73.3,0.7
Orez expandat bio Irma,1,1,1,0,0,390,7,4,81,0
Orez expandat Riso Scotti,1,1,1,0,0,381,8.3,3.1,79.9,4.1
Orez expandat Roppo,1,1,1,0,0,365,7,1.8,78,0
Orez fiert,1,1,1,0,1,130,2.7,0.3,28.2,0.4
Orez instant Riso Scotti,1,1,1,0,1,152,3.1,3.9,26,1.6
Orez integral Carrefour,1,1,1,0,1,360,7.9,2.6,76.3,4.3
Orez integral Delhaize,1,1,1,0,1,337,7.5,2.4,71.5,6
Orez integral Riso Scotti Selection,1,1,1,0,1,344,7.6,3.1,68.6,5.7
Orez integral Sannia,1,1,1,0,1,342,7.8,2,70.8,4.8
Orez integral Solaris,1,1,1,0,1,370,7.9,2.9,77.2,3.5
Orez integral Uncle Bens,1,1,1,0,1,344,8,2.2,73,3.2
Orez lung prefiert Scotti,1,1,1,0,1,353,6.9,0.7,78.8,0
Orez lung prefiert Uncle Bens,1,1,1,0,1,430,8.3,1.6,95,1.2
Orez mexican Scotti,1,1,1,0,1,163,3.1,5.5,25.3,2.3
Orez natur Express Panzani,1,1,1,0,1,358.7,7.7,2.4,74.7,2
Orez natural brun Konpack,1,1,1,0,1,353,7.1,1.9,76.8,4
Orez nefiert Risotto,1,1,1,0,1,380,8,0.3,84,0
Orez negru,1,1,1,0,1,320,10,3,68,4
Orez pentru pilaf Deroni,1,1,1,0,1,334,6.8,1.2,74.1,0.5
Orez prefiert Atifco,1,1,1,0,1,344,5.5,0.9,80.1,3.2
Orez prefiert cu bob lung Panzani Premium,1,1,1,0,1,347,7,0.6,78,0
Orez prefiert Deroni Vital,1,1,1,0,1,353,7.2,1,78.5,0.6
Orez prefiert Sunshine,1,1,1,0,1,357,7.5,0.7,80.2,1
Orez Risotto selection Scotti,1,1,1,0,1,351,6.9,1.3,77,1.9
Orez rosu Krina,1,1,1,0,1,362,7.5,2.7,76.2,3.4
Orez salbatic Scotti,1,1,1,0,1,358,8.4,1.2,78.5,0
Orez Scotti Arlecchino,1,1,1,0,1,350,8.8,3,70,4.1
Orez slefuit cu bobul rotund Bunetto,1,1,1,0,1,330,7,1,71.8,0
Orez Sunshine Jasmine,1,1,1,0,1,248,8,0,77,0
Orez thai rosu bob lung Natura Land,1,1,1,0,1,360,7,1.5,79,2
Ovaz desert Dr. Oetker,1,1,1,0,1,123,4.2,3.6,18,1.2
Paine crocanta cu susan si amarant Allos,1,1,1,0,0,362,11.5,7.5,61.3,12.5
Paine cu faina integrala Vita Star,1,1,1,0,0,245,11.3,2.3,47.5,5.8
Paine dietetica aparat Moulinex,1,1,1,0,0,234,7,3,42,1
Paine extrudata Profi,1,1,1,0,0,380,11,2.2,78,0
Paine integrala secara cu amestec cereale Mestemacher,1,1,1,0,0,197,6.2,4.7,32.4,8.4
Paine Moulinex Oct,1,1,1,0,0,365,11.7,5,66,11
Paine prajita clasic Eti Mek,1,1,1,0,0,401,10.2,4.4,78.4,5
Paine prajita integrala Dia,1,1,1,0,0,365,12.6,6.6,63.8,6
Paine prajita Light Form Eti,1,1,1,0,0,358,19.3,1.4,70.2,0
Paine toast KornFit Savoria,1,1,1,0,0,243,9.6,6.8,35.6,8.6
Paine toast Panzucca Savoria,1,1,1,0,0,286,7.5,3.8,55.5,3.7
Panite branza Nutrizzia,1,1,1,0,0,412,8.6,12.7,65.1,4
Panite branza Nutrizzia (cereale extrudate),1,1,1,0,0,322.6,10.9,2.2,69.1,9.7
Panite felii crocante crisp bread Nutrizzia,1,1,1,0,0,321,23.2,0.2,54.6,9.7
Panite felii crocante Nutrizzia Siluet,1,1,1,0,0,324,10,1.4,59.8,15
Panite felii pufoase grau Nutrizzia,1,1,1,0,0,339,11.4,0.8,70.3,13.3
Panite felii pufoase multicereale Nutrizzia,1,1,1,0,0,355.6,9.8,1.7,73.9,9.7
Panite felii pufoase orez Nutrizzia,1,1,1,0,0,379,8,1.1,82.9,2.9
Panite glazurate cacao Nutrizzia,1,1,1,0,0,443,8.6,16.9,63.8,9.7
Panite glazurate Iaurt Nutrizzia,1,1,1,0,0,441,8,17.3,61.4,9.7
Panite graham Nutrizzia (cereale extrudate),1,1,1,0,0,324.5,10.3,2,69.9,10.3
Panite integrale Nutrizzia (cereale extrudate),1,1,1,0,0,302,10.2,1.5,67.8,15.7
Paste alfabet Panzani,0,1,1,0,1,365,13,2,72,3.6
Paste cannelloni Cora,0,1,1,0,1,360,12,1.5,73,3
Paste capellini Barilla,0,1,1,0,1,350,12,1.5,72.2,3
Paste Cornetti Titan,0,1,1,0,1,339.4,9.4,2.6,69.6,0
Paste cous-cous cu ou Monte Banato,0,1,1,0,1,382,12,1.1,75,0
Paste cu ou Fratelli Pignatti,0,1,1,0,1,253,9.6,1.6,50,0
Paste cu ou Monte Banato,0,1,1,0,1,382,12,1.1,75,0
Paste cu ou si negru de sepia Giovanni Rana,0,1,1,0,1,279,11.2,4,49.6,3
Paste din faina de orez Riso Scotti,0,1,1,0,1,336.7,6.5,0.7,76.2,3.6
Paste elicoidali Granoro,0,1,1,0,1,352,12.5,1.5,72,1.8
Paste fainoase Conchiglie Baneasa,0,1,1,0,1,350,11,0.7,75,0
Paste fainoase cu morcivi si rosii Barilla ,0,1,1,0,1,357,13,2.5,68.3,4.5
Paste fainoase cu ou Arnos,0,1,1,0,1,365,11.3,3,73.2,0
Paste fainoase cu ou Baneasa,0,1,1,0,1,361,13.7,2.2,71.6,0
Paste fainoase cu ou Divella,0,1,1,0,1,365,14.7,3.8,68.1,0
Paste fainoase cu ou pentru wok Vitasia,0,1,1,0,1,366,14,2.6,70,3.3
Paste fainoase Doro Arpis,0,1,1,0,1,350,10,1.1,72,0
Paste fainoase din faina de secara Karmel,0,1,1,0,1,328,9.3,1.7,66.6,14.6
Paste fainoase Emiliane Barilla,0,1,1,0,1,365,15,4.5,66,3
Paste fainoase farfelle Brailla,0,1,1,0,1,357,12.5,1.8,75,3.6
Paste fainoase Fidelini Monte Banato,0,1,1,0,1,365,14.9,2.8,70,0
Paste fainoase integrale penne rigate Barilla,0,1,1,0,1,351,12.5,2.5,66.7,6
Paste fainoase La Grande Famiglia,0,1,1,0,1,350,11,0.7,75,0
Paste fainoase maccaroni Baneasa,0,1,1,0,1,365,11,0.7,75,0
Paste fainoase melci ondulati Proxi,0,1,1,0,1,348.7,11,0.9,75.5,2.4
Paste fainoase mini fusilli Panzani,0,1,1,0,1,354,12,2,72,0
Paste fainoase Noe,0,1,1,0,1,350,13,0.8,73,0
Paste fainoase penne Barilla,0,1,1,0,1,357,12.5,1.8,75,3.6
Paste fainoase pennette rigate Barilla,0,1,1,0,1,361,12,1.5,72.2,3
Paste fainoase scoici Gata,0,1,1,0,1,350,11,0.7,75,0.6
Paste fainoase speciale pentru copii Fizi Filiz,0,1,1,0,1,363,11.3,1.4,76,0
Paste fainoase spirelli 365,0,1,1,0,1,348,11.8,1.5,72,0
Paste fainoase Stelline Barilla,0,1,1,0,1,356,11,1.5,73.2,3
Paste fainoase tagliatele Arnos,0,1,1,0,1,354,11.5,1.9,72.7,0.8
Paste fainoase tagliatelle cu ou din faina de grau dur Da Marco,0,1,1,0,1,343,14,3,65,0
Paste fainoase taitei Baneasa,0,1,1,0,1,350,11,0.7,75,0
Paste fainoase tortelini cu ricotta si spanac Barilla,0,1,1,0,1,411,14.3,14.3,57.1,7.1
Paste fainoase tortelini cu ricotta si spanac Finno,0,1,1,0,1,285,10,6.5,46.8,0
Paste fainoase Toscana,0,1,1,0,1,351,10.5,1.3,75,0
Paste fara ou Boromir,0,1,1,0,1,350,11,0.7,75,0
Paste farfalle Carrefour,0,1,1,0,1,366,12.5,1.5,75,2.5
Paste fusili Dr. Man,0,1,1,0,1,328.3,26.9,6.6,38.2,16.8
Paste Fusilli KClassic ,0,1,1,0,1,358,11.5,1.5,73.2,3
Paste fusilli n.98 Barilla,0,1,1,0,1,356,12,1.5,72.2,3
Paste fusilli spirale extra Arpis,0,1,1,0,1,350,10,1.1,72,0
Paste grau Esselunga,0,1,1,0,1,353,13,1.5,71.8,0
Paste integrale Ditali Probios,0,1,1,0,1,325,13,2.6,62.2,8.6
Paste integrale fusilli Barilla,0,1,1,0,1,349,12.5,2,67.2,6
Paste integrale fusilli Divella,0,1,1,0,1,330,12,2.2,65.5,6
Paste integrale fusilli Misura,0,1,1,0,1,286,11,2,56,6
Paste integrale Misura,0,1,1,0,1,335,13,1.5,67.5,6.4
Paste integrale nefierte,0,1,1,0,1,348,14.6,1.4,75,8.3
Paste macarron Alipende,0,1,1,0,1,338,12,2,68,0
Paste N7 Spaghettoni,0,1,1,0,1,356,12.5,1.5,71.7,3
Paste papillons Pates dAlsace Cora,0,1,1,0,1,373,15,5,67,0
Paste Penne,0,1,1,0,1,357,12.5,1.8,75,3.6
Paste penne 365,0,1,1,0,1,365,10,1,75,1.5
Paste penne rigate Baneasa,0,1,1,0,1,350,11,0.7,75,0
Paste penne rigate Combino,0,1,1,0,1,360,12,1.3,73,3
Paste Pipe Rigate Combino,0,1,1,0,1,352,12,1.3,73,0
Paste pipe rigate135 Novella,0,1,1,0,1,356,12,1.5,72,3
Paste ravioli cu branza Monte Banato,0,1,1,0,1,338,11.3,6.2,59.4,0
Paste soia Dr. Man,0,1,1,0,1,328,26.9,6.6,38.2,16.8
Paste spirale Domani,0,1,1,0,1,350,10,1.1,72,0
Paste spirale Monte Banato,0,1,1,0,1,365,11.9,1.6,75.8,0
Paste tagliatelle cu spanac Barilla,0,1,1,0,1,347,12,1.5,71.4,3
Paste  2 oua,0,1,1,0,1,379,14,2.6,75.1,3.2
Paste  4 oua,0,1,1,0,1,392,15,3.4,72.9,3.2
Paste  8 oua (de casa),0,1,1,0,1,400,17,5,69.2,3.2
Penne cu 5 legume Panzani,0,1,1,0,1,351,13.1,1.6,68,6.3
Penne din faina integrala de grau organic  La terra e i cielo,0,1,1,0,1,356,12.5,1.6,73,0
Penne integrale 100% Probios,0,1,1,0,1,335,16.2,2.2,62.5,7.1
Penne Rigate Kaufland,0,1,1,0,1,358,11.5,3.2,73.2,3
Penne Rigate La Capannina,0,1,1,0,1,358,12,1.1,75,0
Penne Rigate Panzani,0,1,1,0,1,354,12,2,72,0
Penne Rigate Titan,0,1,1,0,1,339.4,9.4,2.6,69.6,3.6
Perle Tapioca Sanovita,1,1,1,0,1,351,0,0.2,85.3,0
Pernute de cereale cu ciocolata si musli Dr. Oetker Vitalis,1,1,1,0,0,450,8.9,14.9,67.4,5
Pernute de cereale cu vanilie si musli Dr. Oetker Vitalis,1,1,1,0,0,453,8.2,14.7,69.7,4.3
Piscoturi cu oua Savoiardi Boromir,1,1,1,0,0,378,8,2.8,80,0
Piscoturi Savoiardi Balocco,1,1,1,0,0,377,8.4,3.7,77.6,2.7
Pogacele cu unt,1,1,1,0,0,204,4.3,9.8,23.3,3
Porumb incoltit,1,1,1,0,0,476,18.8,34.5,19,2
Quinoa ,1,1,1,0,1,368,14.1,6.1,64.2,7
Quinoa bio All Green,1,1,1,0,1,355,12.2,5.5,62.5,7
Quinoa gatita,1,1,1,0,1,120,4.4,1.9,21.3,2.8
Quinoa organic Now Foods,1,1,1,0,1,380,14,6,70,12
Rondele crocante de grau expandat Linia Velt,1,1,1,0,0,362,13.5,0.9,74,3
Rondele de orez expandat Crusti Croc,1,1,1,0,0,392,8.2,3.2,81.1,3.2
Rondele de orez expandat cu aroma de caramel Stilla Fitness,1,1,1,0,0,377,6.1,0.9,84.8,2.2
Rondele de orez expandat cu aroma de mar si scortisoara Stilla Fitness,1,1,1,0,0,381,6,0.8,86,2.2
Rondele de orez expandat cu glazura de ciocolata Stilla Fitness,1,1,1,0,0,455,6.8,15.3,72.1,1.7
Rondele de orez expandat cu iaurt Stilla Fitness,1,1,1,0,0,454,6.3,15.7,69.9,0
Rondele din grau expandat cu glazura de ciocolata SanoVita,1,1,1,0,0,431,9,13.1,68.5,0
Rondele din grau expandat cu glazura de iaurt SanoVita,1,1,1,0,0,457,9.2,15.3,69.9,0
Rondele din grau expandat Sanovita,1,1,1,0,0,364,13.5,0.9,74,3
Rondele din grau expandat Solaris,1,1,1,0,0,362,13.5,0.9,74,2
Rondele din orez expandat Sanovita,1,1,1,0,0,397,8,3,83,3
Rondele grau expandat Stilla Fitness,1,1,1,0,0,340,11.4,0.8,70.3,13.3
Rondele orez expandat eco Irma,1,1,1,0,0,390,7,4,81,0
Secara,1,1,1,0,0,335,14.8,2.5,69.8,14.6
Seminte de chia SanoVita,1,1,1,0,0,451,22,31.3,35.3,30.2
Seminte de in BIO Natura,1,1,1,0,0,586,18.3,42,30.4,27.3
Seminte de susan Pirifan,1,1,1,0,0,592,20,55,1,0
Spagete nr. 5 Barilla,0,1,1,0,1,337,12.5,2,67.2,6
Spaghete Baneasa,0,1,1,0,1,350,11,0.7,75,0
Spaghete Barilla,0,1,1,0,1,350,12,1.5,72.2,3
Spaghete Classic Kaufland,0,1,1,0,1,358,11.5,1.5,73.2,3
Spaghete crude,0,1,1,0,1,379,14,2.6,75.1,3.2
Spaghete cu ou Monte Banato,0,1,1,0,1,382,13,1.1,75,0
Spaghete De Cecco,0,1,1,0,1,355,13,1.5,73,0
Spaghete din faina de orez,0,1,1,0,1,336.7,6.5,0.7,76.2,0
Spaghete din grau dur Combino,0,1,1,0,1,358,12,1.3,73,3
Spaghete din grau dur Cora,0,1,1,0,1,344,13,2,65,7
Spaghete din grau dur Fior Di Pasta ,0,1,1,0,1,360,11.5,1.5,73.6,0
Spaghete fierte,0,1,1,0,1,158,5.8,0.9,30.9,1.8
Spaghete integrale Combino,0,1,1,0,1,351,12,1.9,68,6.8
Spaghete integrale din grau spelt Bio Rinatura,0,1,1,0,1,347,14,3,60,12
Spaghete integrale nr. 5 Barilla,0,1,1,0,1,351,12.5,2.5,66.7,6
Spaghete integrale Pambac,0,1,1,0,1,312.6,13,2.4,65,10.5
Spaghete integrale Vita Dor,0,1,1,0,1,329,12,2.3,65,10
Spaghete integrale Vollkorn Bio,0,1,1,0,1,330,12,2.2,65.5,0
Spaghete La Collezione Barilla,0,1,1,0,1,360,14,3.5,68,3
Spaghete no. 3 Barilla,0,1,1,0,1,365,12.5,1.3,71.7,3
Spaghete orez vermicelli Oh! Ricey,0,1,1,0,1,354,6,0.2,82.2,0
Spaghete Pambac,0,1,1,0,1,350,11,0.7,75,0
Spaghete Pasta DOro Arpis,0,1,1,0,1,350,10,1.1,72,0
Spaghetti Integrali De Cecco,0,1,1,0,1,328,14.5,2.5,62,7.5
Spaghetti integralli De Cecco,0,1,1,0,1,335,14,3,62.5,8
Taitei chinezesti de soia fierti,0,1,1,0,1,17.6,0.9,0.9,3,2
Taitei chinezesti Lidl,0,1,1,0,1,366,14,2.6,70,3.3
Taitei cu ou si cu grau dur Monte Banato,0,1,1,0,1,363,14.3,1.5,73,0
Taitei de casa lati si ondulati Hutton,0,1,1,0,1,391,13,2.8,76.5,0
Taitei de casa Pambac,0,1,1,0,1,362,12,1.6,75,0
Taitei de orez Delhaize,0,1,1,0,1,365,7,0,80,0
Taitei dietetici Baneasa,0,1,1,0,1,340,12.5,1.2,70.5,3.5
Taitei din faina de orez Vifon,0,1,1,0,1,991,8,0,240,2.4
Tarate de grau,1,1,1,0,0,216,15.6,4.3,64.5,42.8
Tarate de grau Bio Greno,1,1,1,0,0,263,14.9,4.7,45.4,17.5
Tarate de grau Luomu,1,1,1,0,0,143,15,1,9,55
Tarate de grau Pirifan,1,1,1,0,0,293,2.9,0.2,80.6,37
Tarate de grau Solaris,1,1,1,0,0,358,16.2,3.1,62.6,41
"Tarate de grau  orz  secara Solaris	",1,1,1,0,0,230,14.9,4.6,56.5,24
Tarate de orez Now Foods,1,1,1,0,0,466.7,20,20,53.3,13.3
Tarate de orez Now Foods,1,1,1,0,0,462,19.8,19.8,52.8,13.2
Tarate de ovaz CozoPIRI,1,1,1,0,0,337,17.1,7.9,64.1,15
Tarate de ovaz eco Salim,1,1,1,0,0,330,16.6,8.6,46.6,16
Tarate de ovaz Hacendado,1,1,1,0,0,358,17.6,8.7,44.1,16.5
Tarate de ovaz Pirifan,1,1,1,0,0,389,12.1,6.9,67.1,4.7
Tarate de ovaz Sano Vita,1,1,1,0,0,326,17.6,8.7,60.6,16.5
Tarate de ovaz Sanovita,1,1,1,0,0,407,17.6,8.7,60,16.5
Tarate de ovaz Solaris ,1,1,1,0,0,246,17,7,60.4,15.4
Tarate Hacendado,1,1,1,0,0,289,15,5.4,26,37
Tartine (rondele) din orez ecologic Scotti Risette,1,1,1,0,0,381,8.1,2.8,80.9,3.9
Tartine de orez cu quinoa Lima,1,1,1,0,0,399,7.9,3.7,83.5,25
Tartine din grau Carrefour,1,1,1,0,0,358,13.5,0.9,74,3
Tartine din grau ecologic Risette Scotti,1,1,1,0,0,364,13.5,0.9,74,1
Tartine din grau ecologic Scotti,1,1,1,0,0,364,13.5,0.9,74,0
Tartine din orez Carrefour ,1,1,1,0,0,381,8,2.8,81,3
Tartine din orez ecologic Scotti,1,1,1,0,0,381,8.1,2.8,80.9,3.9
Tartine integrale Auchan,1,1,1,0,0,386,11,4,73.2,6.5
Tartine multicereale Lima,1,1,1,0,0,395,9.8,3.1,82,0
Tortellini cu carne Monte Banato,1,1,1,0,0,378,12.5,7,65,0
Tortellini cu ciuperci Monte Banato,1,1,1,0,0,330,13.9,5.4,56.5,0
Tortilla din faina de grau Poco Loco,1,1,1,0,0,317,9.3,7,54.2,3
Wafe din orez cu ciocolata cu lapte Hig,1,1,1,0,0,480,7,20.8,65.7,0
Wafe din orez expandat cu iaurt Hig,1,1,1,0,0,487,5.6,20.6,69.8,0
Wafe orez cu porumb Hig,1,1,1,0,0,393,8.9,3.5,81.5,0
Wafe orez cu susan Hig,1,1,1,0,0,386,9.4,2.8,80.7,0
Wafe orez fara sare Alnatura,1,1,1,0,0,401,8.8,3.3,82.5,0
Wafe sare de mare Hig,1,1,1,0,0,390,8.6,3.5,81,0
Crackeri cu mere si scortisoara Vitasnella,1,1,1,0,0,397,6,8.5,74,3
Crackeri fara colesterol Misura Novita,1,1,1,0,0,382,13.9,9.6,60,11.8
Crackeri integrali Crich,1,1,1,0,0,425,11.1,13,65.9,8
Crackeri integrali Delhaize Mega Image,1,1,1,0,0,360,12,5,67,8
Crackeri integrali Misura,1,1,1,0,0,387,12.8,10.9,59.3,11.5
Crackeri Magretti Galbusera,1,1,1,0,0,370,11.6,1.5,77.4,4
Crackers cu ulei de masline extravirgin si rozmarin Crich,1,1,1,0,0,429,10.9,12.1,69.1,3.5
Crackers de orez Teriyaki Delhaize,1,1,1,0,0,401,8,3.6,85,0
 Seminte de dovleac Winny,1,1,1,0,0,416,24,31.5,9,0
Alune,1,1,1,0,0,567,26,49,16,8.5
Alune  sarate si prajite Mogyi,1,1,1,0,0,642,15.1,27.5,49.4,0
Alune crude intregi Sano Vita,1,1,1,0,0,674,11.6,62.3,16.8,0
Alune cu paprika Best,1,1,1,0,0,620,28,50,14,0
Alune de padure Auchan,1,1,1,0,0,588,18.8,52.3,8.6,15.1
Alune de padure coapte Elmas,1,1,1,0,0,634,21.4,55,18.9,11.3
Alune de padure crude,1,1,1,0,0,536,25,46.4,21.4,10.7
Alune de padure crude 365,1,1,1,0,0,623,22.1,50.3,18.9,11.1
Alune de padure crude Clever,1,1,1,0,0,640,26.7,49.5,16.6,10.5
Alune de padure crude Fine Foods,1,1,1,0,0,705,15,61,18,10
Alune de padure crude Real,1,1,1,0,0,644,12,61.6,10.5,8.2
Alune de padure crude Solaris,1,1,1,0,0,650,24.5,51.8,17,0
Alune de padure Cypressa,1,1,1,0,0,670,17.2,64.7,4.8,0
Alune de padure decojite Fruit Orchard,1,1,1,0,0,673,15,62,18,9
Alune de padure decojite Orlandos,1,1,1,0,0,690,25,46.4,14,10.7
Alune de padure in coaja subtire crude Orlandos,1,1,1,0,0,640,26.7,49.5,16.6,10.5
Alune de padure Nutline,1,1,1,0,0,637,21.9,53.9,16.2,0
Alune de padure prajite 365,1,1,1,0,0,634,21.4,18.9,95,0
Alune de padure prajite Elmas,1,1,1,0,0,587,16.1,54.5,17.5,13.7
Alune de pamant,1,1,1,0,0,567,26.7,49.2,16.1,8.5
Alune decojite crude Carrefour,1,1,1,0,0,584,26.3,44.5,14.6,6.8
Alune fara sare Stilla,1,1,1,0,0,604,26.7,48.8,14.4,5
Alune padure Stilla Natura,1,1,1,0,0,628,15,60.8,16.7,0
Alune picante cu paprika Felix,1,1,1,0,0,549,24.3,43.7,14.3,0
Alune picante Soltino,1,1,1,0,0,592,25.8,45.7,15.6,0
Alune prajite fara ulei,1,1,1,0,0,594,17.3,51.5,23.4,9
Alune prajite fara ulei sarate Fiesta,1,1,1,0,0,620,25,50,12.6,6.8
Alune prajite Hacendado,1,1,1,0,0,624,28.4,50.5,12.7,2.3
Alune prajite in ulei,1,1,1,0,0,617,16.8,56.3,21.4,9.9
Alune prajite Saltino,1,1,1,0,0,614,25.3,49.4,13.7,0
Alune prajite si sarate Circuss,1,1,1,0,0,592,24.7,47.4,13.4,1
Alune prajite  nesarate Mogyi,1,1,1,0,0,638,15,51.5,27.5,7
Alune Royal Nuts K-Classic,1,1,1,0,0,629,15.5,54.5,15.5,7.3
Alune Star Naturals,1,1,1,0,0,547,23.4,44.1,14.1,9.5
Alune Stilla Natura,1,1,1,0,0,628,15,60.8,16.7,0
Amestec caise  coacaze  goji  migdale  floerea soarelui Nutribon,1,1,1,0,0,356,8,6.2,61,9
Amestec de nuci si alune crude Snacking Sport Max Fit Food Kluth,1,1,1,0,0,625,21.9,54.6,11.5,6.8
Amestec nuci bio Bioking,1,1,1,0,0,616,15.5,55.4,14.1,0
Amestec nuci exotice cu stafide Kluth,1,1,1,0,0,476,10,31.1,31.1,3.5
Amestec nuci si fructe Sunny Mix Fit Food,1,1,1,0,0,490,12.4,32.3,37.6,6.6
Amestec nuci tropicale si stafide Fine Food,1,1,1,0,0,529,13.1,39.9,29.3,7.7
Amestec nuci  fructe uscate si aloe vera Fit Food Kluth,1,1,1,0,0,406,5.7,15.8,60.2,5
Amestec Party Mix Nutline,1,1,1,0,0,504,14.2,33.9,35.5,0
Amestec seminte Maryland,1,1,1,0,0,446,12.8,26.7,34,0
Arahide Carrefour,1,1,1,0,0,620,25,53,12.6,6.8
Arahide coapte cu sare Fiesta,1,1,1,0,0,620,25,50,12.6,6.8
Arahide coapte si sarate Elmas,1,1,1,0,0,568,29.8,42.5,22.6,12.3
Arahide crude Elmas,1,1,1,0,0,559,26.9,44.2,23.6,7.3
Arahide crude Fine Food,1,1,1,0,0,620,25,53,12.6,6.8
Arahide cu coaja prajite uscat sarate 365,1,1,1,0,0,689,27.7,49.3,18.1,7.3
Arahide decojite crude Orlandos,1,1,1,0,0,584,26.3,44.5,14.6,6.8
Arahide decojite prajite cu sare Best,1,1,1,0,0,310,14,25,7,0
Arahide decojite prajite si sarate Crox,1,1,1,0,0,620,25,50.3,13.5,0
Arahide decojite prajite si sarate Proxi,1,1,1,0,0,635,26,50.8,26,0
Arahide decojite  coapte si sarate Orlandos,1,1,1,0,0,639.4,25,48.6,21,9
Arahide in coaja prajite si sarate Fiesta,1,1,1,0,0,532,23.4,43.2,19.8,7.2
Arahide in coaja prajite si sarate Real,1,1,1,0,0,620,25,53,12.6,7
Arahide in coaja rosie Fiesta,1,1,1,0,0,532,23.4,43.2,19.8,7.2
Arahide in coaja subtire Orlandos,1,1,1,0,0,622,25,46.7,21,9
Arahide nedecojite crude Agrofruct,1,1,1,0,0,572,25,50,12,9
Arahide Petrecarete Nutline,1,1,1,0,0,516,23,39.5,18.1,8.2
Arahide prajite in ulei si sarate Elmas,1,1,1,0,0,553,25.7,39.4,30.5,12.7
Arahide prajite in ulei si sarate Fiesta,1,1,1,0,0,627,25,53,12.6,6.8
Arahide prajite si sarate Soltino,1,1,1,0,0,605,25,50.1,13.5,0
Arahide prajite si sarate UberNuts,1,1,1,0,0,622,27.5,52.4,5.9,8.2
Arahide sarate in coaja Clarkys Plus,1,1,1,0,0,207,9.4,17,18,12
Arahide Stilla Natura,1,1,1,0,0,602,26.6,48.7,14.4,8
Boabe de soia uscate,1,1,1,0,0,451,39.6,21.6,32.7,8.1
Boabe de soia verzi,1,1,1,0,0,122,13.1,6.7,9.6,1.1
Caju,1,1,1,0,0,553,18,44,30,3
Caju crud Carrefour,1,1,1,0,0,588,18,44,30,3
Caju crud Elmas,1,1,1,0,0,685,19,46,26,3
Caju crud Fine Foods,1,1,1,0,0,595,18,44,30,3.3
Caju crud Fruit Orchard,1,1,1,0,0,553,18,44,30,0
Caju crud Now Foods,1,1,1,0,0,600,16.7,46.7,26.7,10
Caju crud Orlandos,1,1,1,0,0,588,18,44,30,3
Caju crud Real,1,1,1,0,0,572,18,42,31,2.9
Caju prajit cu sare Elmas,1,1,1,0,0,553,18,42,31,3
Caju prajit si sarat Carrefour,1,1,1,0,0,581,16.8,47.7,18,3.3
Caju Rasfatat prajit si sarat Nutline,1,1,1,0,0,622,18,51,22.9,3
Castane coapte,1,1,1,0,0,245,3,2,53,5.1
Castane crude  fara coaja,1,1,1,0,0,97,1.4,0.1,23.9,3
Cocktail alune  alune de padure  migdale  caju Carrefour,1,1,1,0,0,605,21,52,18,4.2
Cocktail mix Nutline,1,1,1,0,0,555,14.6,48.8,14.3,4.7
Fistic,1,1,1,0,0,562,20.3,45.4,27.5,10.3
Fistic copt Orlandos,1,1,1,0,0,577.6,21.1,47.6,16.2,0
Fistic copt si sarat Elmas,1,1,1,0,0,619,26.3,50.7,17.7,6.5
Fistic crud Cora,1,1,1,0,0,444,24.9,27.3,19.6,10.3
Fistic Nutline,1,1,1,0,0,650,21.3,55.9,15.4,0
Fistic prajit Felix,1,1,1,0,0,620,20,53,16,10.3
Fistic prajit Mega image ,1,1,1,0,0,619,26.3,50.7,17.7,0
Fistic prajit si sarat Best,1,1,1,0,0,603,33.2,12.9,44.5,0
Fistic prajit si sarat Mogyi,1,1,1,0,0,398,13.5,33,8.6,0
Fistic prajit si sarat Star,1,1,1,0,0,591,18,45,24,7
Fistic prajit si sarat Traders Joe,1,1,1,0,0,615,23.8,51.3,10,7.5
Fistic sarat si prajit No. 1 Carrefour,1,1,1,0,0,661,20,43.1,26,0
Fistic Urtekram eco,1,1,1,0,0,620,20,45,28,10
Fulgi de migdale Mandeln,1,1,1,0,0,622,20.5,54.8,3.8,0
Fulgi de nuca de cocos deshidratata SanoVita,1,1,1,0,0,650,8.7,15.8,65,9
Fulgi de nuca de cocos Ubernuts,1,1,1,0,0,660,6.9,64.5,23.6,16.3
Gustare delicioasa de seminte Solaris,1,1,1,0,0,590,18,58,10,14
Mac,1,1,1,0,0,533,18,44.7,23.9,10
Miez crud seminte floarea soarelui Mega Image,1,1,1,0,0,564,21.2,49.4,17.6,14.1
Miez de floarea soarelui Elmas,1,1,1,0,0,564,21.2,49.4,17.6,0
Miez de floarea soarelui prajit si sarat Real,1,1,1,0,0,625,19,49,24,6
Miez de nuca Californian Walnuts Kaufland,1,1,1,0,0,675,14.4,62.5,10.6,6.1
Miez de nuca Carrefour,1,1,1,0,0,691,9,72,14,9
Miez de nuca Orlando`s ,1,1,1,0,0,646,19.8,60,3.7,6
Miez de nuca Transilvan,1,1,1,0,0,674,15,65,14,7
Miez de nuca Winny,1,1,1,0,0,696,16.1,59.7,18.1,10.9
Miez dovleac crud Fruit Orchard,1,1,1,0,0,540,25,45.8,17,3.9
Miez dovleac crud Horeca,1,1,1,0,0,423.3,24,31.5,9,3.9
Miez nuca Atco,1,1,1,0,0,675,14.4,62.5,10.6,6.1
Miez nuca Kornkammeret,1,1,1,0,0,700,11,64,11,5.5
Miez prajit floarea soarelui Best,1,1,1,0,0,682,24.2,58.8,11.1,5.9
Miez prajit si sarat seminte de floarea soarelui Clever,1,1,1,0,0,592,20,51,3.1,10.6
Miez samburi de caisa Fruit Orchard,1,1,1,0,0,640,18.6,54.2,16.9,3
Miez seminte de dovleac crud Jasmin,1,1,1,0,0,582,24.5,45.8,17.8,3.9
Miez seminte de dovleac crud Selgros,1,1,1,0,0,540,25,45.8,17,3.9
Miez seminte dovleac Clever,1,1,1,0,0,522,32,42,2.3,3.9
Miez seminte floare soarelui crude Gardis,1,1,1,0,0,590,19,48,17,3
Miez seminte floarea soarelui Carrefour,1,1,1,0,0,581,17.6,47,22.5,0
Miez seminte floarea soarelui prajit si sarat Mega Image 365,1,1,1,0,0,682,24.2,58.8,11.1,3
Miez seminte floarea soarelui prajit si sarat Selgros,1,1,1,0,0,592,20,51,3.1,10.6
Miez seminte floarea soarelui sarat si prajit fara ulei Carrefour ,1,1,1,0,0,582,25,46,15,37
Miez seminte floarea soarelui sarate si prajite fara ulei Carrefour,1,1,1,0,0,582,25,46,15,0
Migdale,1,1,1,0,0,578,21.3,50.6,19.7,11.8
Migdale Auchan,1,1,1,0,0,635,25.1,56.9,5.5,16.5
Migdale Campobasso,1,1,1,0,0,576,19,53.5,4.8,0
Migdale coapte cu sare de mare Orlando,1,1,1,0,0,657,21.8,50.4,22.6,12.7
Migdale coapte Elmas,1,1,1,0,0,580,25.4,44.6,24.6,10.8
Migdale coapte Orlando,1,1,1,0,0,580,25.4,44.6,24.6,10.8
Migdale coapte Seeberger,1,1,1,0,0,644,22,56,8.6,0
Migdale crude Agrofruct,1,1,1,0,0,607,21,53,17,10.5
Migdale crude Carrefour,1,1,1,0,0,640,24,55,13.2,12
Migdale crude Cora,1,1,1,0,0,665,22.1,52.8,19.3,11.8
Migdale crude Fine Food,1,1,1,0,0,657,22,50,23,13
Migdale crude Fruit Orchard,1,1,1,0,0,607,21.6,49,21.6,12
Migdale crude Ganze,1,1,1,0,0,575,21.2,49.4,21.7,12.2
Migdale crude Horeca,1,1,1,0,0,656,21.8,50.4,16.2,12.7
Migdale crude intregi SanoVita,1,1,1,0,0,579,21,51,20,0
Migdale crude Mega Image,1,1,1,0,0,550,22.1,52.8,19.3,11.8
Migdale crude Orlandos,1,1,1,0,0,631.2,21.8,50.4,22.6,12.7
Migdale Cypressa,1,1,1,0,0,612,21.1,55.8,6.9,0
Migdale in coaja coapte Orlandos ,1,1,1,0,0,656.6,21.8,50.4,22.6,12.7
Migdale intregi Poex,1,1,1,0,0,578,21.3,50.6,19.7,11.8
Migdale intregi Stilla Natura,1,1,1,0,0,623,24.1,54.1,10,0
Migdale Kornkammeret eco,1,1,1,0,0,550,25,39,20,9
Migdale MadreSole,1,1,1,0,0,620,19.9,52.8,13.1,6.6
Migdale natur Ubernuts,1,1,1,0,0,603,22,55.3,4.6,12.7
Migdale prajite Elmas,1,1,1,0,0,606,19,54,4,0
Migdale prajite Nutline,1,1,1,0,0,644,25.9,55.4,10.6,0
Migdale prajite si sarate Mogyi,1,1,1,0,0,660,28.8,54.5,7.2,0
Migdale prajite Soltino,1,1,1,0,0,610,18.4,54.2,12.1,0
Migdale Stilla Natura,1,1,1,0,0,575,21.2,49.4,21.7,0
Migdale uscate decojite Peyman Dor Leo,1,1,1,0,0,597,22.1,52.8,19.3,0
Migdale uscate Life ,1,1,1,0,0,617,22,53,13,4
Mix 4 seminte Inima Naturii,1,1,1,0,0,561,24,41.2,13.6,9
Mix cu seminte de dovleac si seminte de floarea soarelui crude si decojite Solaris,1,1,1,0,0,555.5,23.6,47.7,18.3,8.8
Mix de alune Carrefour,1,1,1,0,0,600,18.2,43,21.9,9
Mix de nuci crude Clever,1,1,1,0,0,587.9,20.7,43.1,24.9,0
Mix de seminte Medina,1,1,1,0,0,636,25.7,54.1,9.8,3.6
Mix de seminte si fructe Tentatii Dulci Solaris,1,1,1,0,0,530.8,20.8,36.7,36.6,10.3
Mix nuci Albert Heijin,1,1,1,0,0,660,16,60,11,5.5
Nuca de cocos,1,1,1,0,0,354,3.3,33.5,15.2,9
Nuca de cocos rasa JA!,1,1,1,0,0,630,6.9,64.5,7.4,0
Nuca de cocos  proaspata,1,1,1,0,0,354,3.9,33.5,15.2,9
Nuca Eroski,1,1,1,0,0,743,18.3,71.2,3,8.4
Nuci,1,1,1,0,0,654,15.2,65.2,13.7,6.7
Nuci Brazilia crude Carrefour,1,1,1,0,0,706,14,66,14,8
Nuci braziliene,1,1,1,0,0,656,14,66,14,8
Nuci braziliene Clever,1,1,1,0,0,656,14.3,66.4,17.2,7.5
Nuci braziliene Fruit Orchard,1,1,1,0,0,718,7.9,75.8,13.8,8.6
Nuci de Brazilia Now Foods,1,1,1,0,0,650,13.3,61.7,11.7,5
Nuci de grenoble Cedar,1,1,1,0,0,642.8,14.2,64.2,17.8,3.5
Nuci decojite Aldi R,1,1,1,0,0,680,16,66,5,0
Nuci macadamia,1,1,1,0,0,718,7.9,75.8,13.8,8.6
Nuci macadamia crude Carrefour,1,1,1,0,0,769,7.9,75.8,13.8,8.6
Nuci macadamia crude Now Foods,1,1,1,0,0,743,11.4,77.1,14.3,8.6
Nuci macadamia prajite si sarate,1,1,1,0,0,716,7.8,76.1,12.8,8
Nuci macadamia prajite si sarate Real,1,1,1,0,0,747,7.4,77.3,5.5,4.9
Nuci macadamia Sainsburys,1,1,1,0,0,739,9.1,76,4.7,5.2
Nuci macadamia Soltino,1,1,1,0,0,711,7.5,67.4,18.5,0
Nuci macadamia Sunssnacks Hofer,1,1,1,0,0,748,8.5,73,5.5,3.3
Nuci pecan,1,1,1,0,0,691,9.2,72,13.9,9.6
Nuci pecan Auchan,1,1,1,0,0,722,9.2,72,4.5,9.6
Nuci pecan crude Now Foods,1,1,1,0,0,678.6,7.1,67.8,17.9,7.1
Nuci pecan Degustation Cora,1,1,1,0,0,740,10.8,73.8,3.8,8.5
Nuci pecan Real,1,1,1,0,0,703,9.3,72,4.4,0
Nuci Ventura,1,1,1,0,0,689,14.3,68.1,5.1,6.2
Pasta de susan tahini Rapunzel,1,1,1,0,0,622,22,52,11,0
Seminte albe de dovleac prajite si sarate Nutline,1,1,1,0,0,407,24.8,29.1,11.5,3.9
Seminte de canepa naturale Canah,1,1,1,0,0,621,30,51,5,7.4
Seminte de chia,1,1,1,0,0,490,15.6,30.3,43.9,37.7
Seminte de chia  Fruit Orchard,1,1,1,0,0,490,21,31,7,37.8
Seminte de chia Solaris,1,1,1,0,0,434.8,17.4,34.8,43.5,43.5
Seminte de dovleac,1,1,1,0,0,538,27,45,13,3.9
Seminte de dovleac 365 Mega Image ,1,1,1,0,0,613,35.1,47.4,13.4,0
Seminte de dovleac decojite crude SanoVita,1,1,1,0,0,579,31.9,46.1,8,0
Seminte de dovleac decojite Orlandos,1,1,1,0,0,416,24,31.5,9,3.9
Seminte de dovleac prajite cu sare Djili Soy,1,1,1,0,0,537,24.9,40.3,8.8,19.5
Seminte de dovleac prajite Orlandos,1,1,1,0,0,488,26,39.5,7,0
Seminte de dovleac prajite si sarate Elmas,1,1,1,0,0,613,35.1,47.4,13.4,3.9
Seminte de dovleac prajite si sarate Soltino,1,1,1,0,0,467,26,39,3,2
Seminte de dovleac prajite si sarate Ubernuts,1,1,1,0,0,489,28.8,35.1,9,11.3
Seminte de floarea soarelui,1,1,1,0,0,582,19.3,49.8,24.1,11.1
Seminte de floarea soarelui Cernica,1,1,1,0,0,620,20.7,55.6,4.3,0
Seminte de floarea soarelui Coleu,1,1,1,0,0,479,18.3,32.1,13.1,0
Seminte de floarea soarelui crude Elmas,1,1,1,0,0,578,22.7,51,2.2,0
Seminte de floarea soarelui crude si decojite Granovit Alfa-Beta,1,1,1,0,0,570,22.8,49.6,18.8,10.5
Seminte de floarea soarelui cu sare Nota 11,1,1,1,0,0,479,18.3,32.1,13.1,0
Seminte de floarea soarelui decojite Tezorum,1,1,1,0,0,622,20.7,55.6,4.1,4.5
Seminte de floarea soarelui decojite  prajite  cu sare Fine Food,1,1,1,0,0,604,17.6,47,22.5,10.5
Seminte de floarea soarelui Djili Soy fara sare,1,1,1,0,0,578,18.5,37.6,28.6,25.9
Seminte de floarea soarelui fin sarate Fiesta Natura Line,1,1,1,0,0,597,22.1,48.1,18.9,8.2
Seminte de floarea soarelui Grivas,1,1,1,0,0,620,20.7,55.6,4.3,0
Seminte de floarea soarelui pestrite prajite si sarate Nutline,1,1,1,0,0,486,15.5,37.9,37.6,0
Seminte de floarea soarelui prajite albe Elmas,1,1,1,0,0,434,16.5,27.5,50,39.8
Seminte de floarea soarelui prajite cu paprica Nutline,1,1,1,0,0,399,15.8,23.1,56.1,0
Seminte de floarea soarelui prajite cu sare Nutline,1,1,1,0,0,325,10.8,28.2,13.8,0
Seminte de floarea soarelui prajite fara sare Nutline,1,1,1,0,0,325,10.8,28.2,13.8,0
Seminte de floarea soarelui prajite fara sare Solaris,1,1,1,0,0,572.5,20.7,52.9,3.4,0
Seminte de floarea soarelui prajite necuratate Naghirneak,1,1,1,0,0,379.4,13.8,35,2.3,0
Seminte de floarea soarelui prajite si sarate Metropolitan Play,1,1,1,0,0,459,18.1,33.5,24.6,17.1
Seminte de floarea soarelui Rio,1,1,1,0,0,504,17,38,21,0
Seminte de floarea soarelui Sanovita,1,1,1,0,0,575,22.5,49,12.3,0
Seminte de floarea soarelui sarate Best,1,1,1,0,0,325,10.8,28.2,13.8,0
Seminte de floarea soarelui Stilla Natura,1,1,1,0,0,582,19,48,17,3
Seminte de floarea soarelui Tadim,1,1,1,0,0,396,17.1,34,5.4,37.1
Seminte de in,1,1,1,0,0,534,18.3,42,28.9,27.3
Seminte de in aurii organice Now Foods,1,1,1,0,0,619,19,42.9,38,38
Seminte de in bio All Green,1,1,1,0,0,371,22.9,29.9,5.9,32.9
Seminte de in brun Delhaize,1,1,1,0,0,527,20.1,43,29,28.1
Seminte de in Fruit Orchard,1,1,1,0,0,371,22.9,29.9,5.9,32.2
Seminte de in macinat John Vince,1,1,1,0,0,500,20,34,34,28
Seminte de in macinat pentru consum uman Sano Vita,1,1,1,0,0,534,18.3,42,28.9,27.3
Seminte de in Pirifan,1,1,1,0,0,568,15,45,18,40
Seminte de in SanoVita,1,1,1,0,0,568,15,45,18,0
Seminte de in Vitalia,1,1,1,0,0,560,20,40,30,27.3
Seminte de in  dovleac  susan  floarea soarelui Omega Forte Solaris,1,1,1,0,0,600,20.4,50,14.5,15.1
Seminte de pin,1,1,1,0,0,571,23.2,50,14.3,5.4
Seminte de pin crude Orlandos,1,1,1,0,0,697.4,13.7,68.4,5,3.7
Seminte de pin Real,1,1,1,0,0,689,14,68.6,14,1.9
Seminte de susan,1,1,1,0,0,573,17.7,49.7,23.5,11.8
Seminte de susan crude Pronat,1,1,1,0,0,573,17.7,49.7,23.5,11.8
Seminte de susan Orlandos,1,1,1,0,0,631,20.5,53.2,11.7,11
Seminte de susan Pirifan,1,1,1,0,0,592,20,55,1,0
Seminte de susan SanoVita,1,1,1,0,0,592,20,55,0.6,12
Seminte decojite de dovleac crude Nutline,1,1,1,0,0,596,34.3,48.4,5.8,2
Seminte decojite de floarea soarelui Stilla Natura,1,1,1,0,0,590,19,48,17,3
Seminte decojite prajite si sarate Nutline,1,1,1,0,0,390,13.9,24.2,56.2,52.1
Seminte decorticate de canepa Canah,1,1,1,0,0,514,30,41,15,9.3
Seminte dovleac bio Anglamark Coop,1,1,1,0,0,600,30,49,8,0
Seminte dovleac decojite Cora,1,1,1,0,0,507,24,31,30,0
Seminte dovleac decojite crude Fine Foods,1,1,1,0,0,423,24,31,9,4
Seminte dovleac decojite crude Orlandos,1,1,1,0,0,596,34.3,48.4,18,0
Seminte dovleac prajite si sarate Fiesta,1,1,1,0,0,596,29,47,15,3.9
Seminte floarea soarelui Andra,1,1,1,0,0,560,24,47,18,0
Seminte floarea soarelui coapte si sarate Orlandos,1,1,1,0,0,405,14,32,10,10.5
Seminte floarea soarelui decojite crude Fruit Orchard,1,1,1,0,0,540,25,45.8,17,3.9
Seminte floarea soarelui decojite crude Orlandos,1,1,1,0,0,578,22.7,51,2.2,0
Seminte floarea soarelui decojite Nutline,1,1,1,0,0,582,19,49,24,0
Seminte floarea soarelui decojite prajite fara ulei Carrefour,1,1,1,0,0,582,25,46,15,0
Seminte floarea soarelui Distins,1,1,1,0,0,684,19.3,49.8,27,9
Seminte floarea soarelui Djili,1,1,1,0,0,648,24.6,54.4,10,0
Seminte floarea soarelui prajite Elmas,1,1,1,0,0,682,24.2,58.8,11.1,5.9
Seminte floarea soarelui prajite Mogyi,1,1,1,0,0,622,20,52.3,18.6,0
Seminte floarea soarelui Solei,1,1,1,0,0,479,18.3,32.1,13.1,0
Seminte floarea soarelui Soltino,1,1,1,0,0,291,9,24,9,1.2
Seminte floarea soarelui Sonnen B.K.,1,1,1,0,0,580,22.5,49,12.3,6.3
Seminte in NaturTierra,1,1,1,0,0,546,22,38,29,27.3
Seminte mac Carrefour,1,1,1,0,0,520,19.5,40.8,18.7,10
Seminte negre de floarea soarelui prajite cu sare Nutline Editie Limitata,1,1,1,0,0,461,16,34.7,39.7,37
Seminte negre de floarea soarelui prajite fara sare Nutline,1,1,1,0,0,474,20.3,33.8,40.8,37.2
Seminte pestrite de floarea-soarelui Carrefour,1,1,1,0,0,384,14,32,10,0
Seminte pestrite floarea-soarelui  prajite si sarate Clever,1,1,1,0,0,667,24.2,58.2,11,6
Seminte pin Irma,1,1,1,0,0,630,13,56,19,0
Seminte prajite dovleac Nutline,1,1,1,0,0,416,24,31.5,9,3.9
Seminte susan Fruit Orchard,1,1,1,0,0,702,20.4,61.2,11.7,11.6
Uruiala seminte de in Alnatura,1,1,1,0,0,471,29,30,19,38
Bagheta frantuzeasca,1,1,1,0,0,277,8.6,4.3,50.2,3.2
Bagheta usturoi Kaufland,1,1,1,0,0,318,8.1,11.2,44.8,0
Batoane hot dog Horeca,1,1,1,0,0,235,1,3.4,49.5,1
Biscuiti cu ulei de masline Gran Pavesi,1,1,1,0,0,448,7.5,16.5,67.4,0
Biscuiti Sfoglia di Grano non salati en superficie Mulino Bianco,1,1,1,0,0,445,10,19.9,71.8,2.5
Biscuiti vegetali Naturalia,1,1,1,0,0,466,39,15,37,5
Chifla cu susan KFC,1,1,1,0,0,273.3,8,4.3,54.3,1
Chifla cu susan Mega Image ,1,1,1,0,0,273,9.4,1.6,54.7,0.8
Chifla de secara BioBio,1,1,1,0,0,272,9.5,2.3,53.4,6.1
Chifla natur KFC,1,1,1,0,0,234.4,6.4,2,49.1,1.8
Chifla negra Irma,1,1,1,0,0,220,7.1,1.4,45.2,6.2
Chifla specialitate catalana Edenia,1,1,1,0,0,266,8.6,2,52,0
Chifle Hofer,1,1,1,0,0,254,9.7,1.7,48.1,3.8
Chifle multicereale Delipain,1,1,1,0,0,263,9.1,3.1,46.2,7
Corn cu sare si chimen Kornspitz,1,1,1,0,0,234,9.2,0,44,0
Covrig bavarez Kaufland,1,1,1,0,0,225,6.8,1.8,45,0
Covrig cu susan,1,1,1,0,0,265,10.6,7.1,56.6,2.8
Covrigei cu tarate de grau Boromir,1,1,1,0,0,449,10.5,13.5,68.4,2
Crackers din grau intreg si susan Grancereale,1,1,1,0,0,431,10.5,12,65.9,8.5
Cub de seminte de in si susan Edenia,1,1,1,0,0,283,11,4.5,45.9,0
Felii de paine pentru bruschete Bruschetta Ital dOro,1,1,1,0,0,252,8.1,3,48.3,3.5
Felii din cereale graham Pirifan,1,1,1,0,0,363,10.7,0.6,80,6.5
Felii din cereale hrisca Pirifan,1,1,1,0,0,346,8.2,1.5,75,6.5
Felii paine crocanta Burger Delikatesse,1,1,1,0,0,346,9.6,1.7,65.2,15.5
Felii paine crocanta Burger Urtyp,1,1,1,0,0,353,10,1.7,66.8,15
Felii pesmet Brandt,1,1,1,0,0,401,11,6,74,3.3
Franzela alba Belgusto,1,1,1,0,0,214,7.6,1.2,43.2,0
Franzela alba Painea Brutarului Lidl,1,1,1,0,0,264.5,7.9,1.7,54.4,2
Franzela extra feliata Titan,1,1,1,0,0,214,7.6,1.2,43.2,0
Franzela graham Lidl,1,1,1,0,0,268.3,8.8,1.9,54,4.1
Lipie libaneza Painea Brutarului Lidl,1,1,1,0,0,306,11.7,3.1,57.4,0.9
Lipie tortilla Roberto,1,1,1,0,0,285,8.3,3.7,53,0
Mini blat de pizza fara gluten Bauck Hof,1,1,1,0,0,344,4.1,1,78.6,0
Paine alba,1,1,1,0,0,266,7.6,3.3,50.6,2.4
Paine alba cu extract natural de fasole Dobrogea,1,1,1,0,0,233,14.7,0.6,40.7,1.2
Paine alba cu seminte de salvie Dobrogea,1,1,1,0,0,219,8.2,1.5,41.9,2.4
Paine alba feliata KB,1,1,1,0,0,267.5,8,3.5,51,1.5
Paine alba feliata Neptun Dobrogea,1,1,1,0,0,225,7.8,0.7,45.2,0
Paine alba French Toast,1,1,1,0,0,237,8,1,49,0
Paine aleasa din faina integrala KB,1,1,1,0,0,257,14.5,6.2,41.7,6
Paine aparat Moulinex,1,1,1,0,0,214.7,6.1,0.8,45.7,0
Paine bob de grau intreg Alfa-Beta,1,1,1,0,0,243,10.5,1.1,42.1,11.2
Paine cereale integrale fara gluten Pural,1,1,1,0,0,210,7,4,36,5
Paine cereale si seminte Trans Agape,1,1,1,0,0,206.4,7.8,1.6,40,3.3
Paine ciabatta,1,1,1,0,0,229,8.5,0.7,46.9,1.1
Paine Ciabatta Carrefour,1,1,1,0,0,232,16.5,3.1,40,1.5
Paine corcanta dreptunghiulara Finn Crisp Original,1,1,1,0,0,360,11,2.4,60,19
Paine crocanta Alnatura,1,1,1,0,0,358,10,5.4,59.4,15.7
Paine crocanta Crisp Light Wheat Wasa,1,1,1,0,0,340,12,2.5,73,6.5
Paine crocanta cu chimen Finn Crisp,1,1,1,0,0,360,11,2.4,60,19
Paine crocanta cu coriandru Finn Crisp,1,1,1,0,0,370,11,2.9,62,16
Paine crocanta cu faina de secara Finn Crisp Original,1,1,1,0,0,350,11,2.7,59,17
Paine crocanta cu secara Alnatura,1,1,1,0,0,345,8.4,2,66,14.5
Paine crocanta cu seminte de dovleac Wasa,1,1,1,0,0,392,12,9,60.7,10
Paine crocanta de grau graham Chaber,1,1,1,0,0,353,10,1.8,67.1,14.2
Paine crocanta de secara Chaber,1,1,1,0,0,356,9.7,1.8,67,16.6
Paine crocanta de secara Clever,1,1,1,0,0,312,11,1.7,63.2,15.8
Paine crocanta de secara cu susan Rivercote Lidl,1,1,1,0,0,362,11,6,58,14
Paine crocanta de secara Sodergarden Skan Crisp Finnish Thin Crispbreads Lidl,1,1,1,0,0,350,11,2.3,59,20
Paine crocanta de secara Traditional Finn Crisp,1,1,1,0,0,360,10,2.5,62,17
Paine crocanta de secara Wasa Delikatess,1,1,1,0,0,310,10,1.4,64,16
Paine crocanta de secara Wasa fibre,1,1,1,0,0,305,13,8,45,24
Paine crocanta de secara Wasa Original,1,1,1,0,0,340,9,1.5,67,14
Paine crocanta din faina integrala de secara Wasa Leger,1,1,1,0,0,350,10,1.8,67.5,16
Paine crocanta din grau integral Auchan,1,1,1,0,0,373,11,4,73.2,6.5
Paine crocanta din secara integrala cu susan 3 Ahren Brot Penny,1,1,1,0,0,367,12.4,7.9,53.1,16.9
Paine crocanta din secara integrala cu susan Vollkorn Knacke,1,1,1,0,0,278,13.6,6.7,40.7,21
Paine crocanta din secara integrala Rivercote,1,1,1,0,0,342,10.5,1.6,64,0
Paine crocanta din secara integrala Vollkorn Knacke ,1,1,1,0,0,255,13.2,3.1,43.6,21
Paine crocanta dreptunghiulara hi-fibre Finn Crisp,1,1,1,0,0,340,12,2.5,53,21
Paine crocanta integrala Burger Ballastoff,1,1,1,0,0,341,10.5,4.5,54.2,21
Paine crocanta Leksands Knackebrod Ikea,1,1,1,0,0,250,4.7,9.7,37.9,5
Paine crocanta light Wasa,1,1,1,0,0,307.6,11.5,0,76.9,15.3
Paine crocanta multicereale Finn Crisp,1,1,1,0,0,350,12,4.8,61,14
Paine crocanta prajita Delhaize,1,1,1,0,0,391,13.6,0.3,13.6,1.3
Paine crocanta sesame Finn Crisps,1,1,1,0,0,390,14,9.5,62,7.6
Paine crocanta Wasa koestlich,1,1,1,0,0,332,13.5,5.5,42.5,29
Paine crocanta Wasa Sport,1,1,1,0,0,310,9,1.5,64,16
Paine cu cartofi Pan Pro,1,1,1,0,0,260,7.1,0.6,55,0
Paine cu faina dietetica de grau din macinis integral Cora,1,1,1,0,0,231,8,1.2,42.5,9
Paine cu faina integrala si seminte Carrefour,1,1,1,0,0,257,14.5,5,38.5,6
Paine cu faina integrala toast Vel Pitar,1,1,1,0,0,253,9.2,3.1,50.6,7.1
Paine cu faina neagra feliata Panemar,1,1,1,0,0,253,11,0.2,51.8,0
Paine cu fibre Arcada,1,1,1,0,0,215,6,0.6,45,42.4
Paine cu fibre Casa Painii,1,1,1,0,0,268.7,8.8,1.5,53.2,4
Paine cu germeni de grau Hovis,1,1,1,0,0,224,10,2.2,38.6,5.3
Paine cu graham la tava Arcada,1,1,1,0,0,237.4,8.2,1.9,49.7,0
Paine cu prune Franzeluta,1,1,1,0,0,192.8,7.1,1.2,40.8,0
Paine cu sase cereale Vita,1,1,1,0,0,215,7,2,34,16
Paine cu secara feliata Rotunda Romaneasca,1,1,1,0,0,242,8.5,1.2,47.4,3.8
Paine cu secara la forma Dobrogea,1,1,1,0,0,252,9,1.8,46,7.4
Paine cu secara toast KB,1,1,1,0,0,254,8.5,4,46,5.5
Paine cu secara Vel Pitar,1,1,1,0,0,232,9.9,1.3,49,7.8
Paine cu seminte de dovleac Vita Star,1,1,1,0,0,190,5,3,35,9
Paine cu seminte de in Alnatura,1,1,1,0,0,172,5.4,3.4,35.4,9.3
Paine cu seminte de in Vita Star,1,1,1,0,0,183,5,1,35,9
Paine cu soia si seminte de in Burgen,1,1,1,0,0,274,15.9,10.1,29.8,6.8
Paine daneza Nyt Nordisk,1,1,1,0,0,230,7,3.5,38,7.5
Paine de casa,1,1,1,0,0,260,9.1,4.1,47.2,4.3
Paine de dieta Lujerul,1,1,1,0,0,230,8.3,1.1,41.4,3.2
Paine de secara,1,1,1,0,0,258,9,3,48,6
Paine de secara Benecol Dobrogea,1,1,1,0,0,244,19.6,5,26.8,6.6
Paine de secara Bolletje,1,1,1,0,0,190,5.5,2,37,8
Paine de secara cu seminte de floarea soarelui Longevita,1,1,1,0,0,212,5.3,3.8,34,9.7
Paine de secara cu seminte la tava Panifcom,1,1,1,0,0,201,7.4,0.5,41.8,0
Paine de secara French Toast,1,1,1,0,0,236,9,1.6,46.5,0.4
Paine de secara integrala crocanta Burger,1,1,1,0,0,353,10,1.7,66.8,15
Paine de secara integrala Wasa,1,1,1,0,0,334,10,1.5,59,22
Paine de secara KeineTouch,1,1,1,0,0,236,9,1.6,46.5,0.4
Paine de secara Moulinex ,1,1,1,0,0,309,9.5,4.2,59,7
Paine de secara Pumpernickel Van Der Meulen,1,1,1,0,0,176,5.4,1.4,35.3,11.9
Paine de secara Silhouette Vita,1,1,1,0,0,217,6.1,0.8,38.5,15.6
Paine de secara Titan,1,1,1,0,0,241.8,8.9,1.7,47.7,0
Paine de secara toast Carrefour,1,1,1,0,0,254,8.4,4,46,5.5
Paine de secara Trans Agape,1,1,1,0,0,202,6.2,0.1,44.2,0
Paine de tarate,1,1,1,0,0,194,9,2,44,12
Paine dieta feliata Titan,1,1,1,0,0,217.7,9,0.9,43.4,0
Paine Dobrogea Bongrana Sana,1,1,1,0,0,262,19,4,32,11
Paine Elta Azima,1,1,1,0,0,323.3,15.3,2.8,59.2,10.4
Paine feliata cu faina de secara 365,1,1,1,0,0,227,12.9,0.8,42.4,1.1
Paine feliata cu faina macinis integral 365,1,1,1,0,0,262,10.5,4.9,39.7,8.4
Paine feliata Dieta Belforno,1,1,1,0,0,217.7,9,0.9,43,0
Paine Feliata Graham Titan,1,1,1,0,0,224.5,8.8,0.9,45.4,1
Paine feliata integrala Savoria Toast,1,1,1,0,0,242,9.3,1.4,48.7,8.6
Paine feliata la tava cu faina graham Boromir,1,1,1,0,0,273.5,10.5,1.4,54.7,7.6
Paine feliata prajita fara sare Biscottes Cora,1,1,1,0,0,398,12,6.5,72,5
Paine feliata toast mediteranean Bongrana,1,1,1,0,0,289,11,6,46,0
Paine franzeluta Borodinski,1,1,1,0,0,209,6.2,1.2,45.2,0
Paine French Toast Integral,1,1,1,0,0,258,9.5,3.5,47,3.6
Paine french toast Keine Touch,1,1,1,0,0,244,11.9,3.7,45.5,9.6
Paine French Toast seminte,1,1,1,0,0,270,10,6.5,43,0.6
Paine graham,1,1,1,0,0,268,10.1,1,54,3.2
Paine graham  feliata Galmopan,1,1,1,0,0,243,7.4,0.9,51.3,3
Paine graham Bongrana,1,1,1,0,0,258,10.4,3.5,44.5,3.4
Paine graham feliata Pambac,1,1,1,0,0,256,9.3,1.2,52,13.7
Paine graham feliaza KB Miez Toast,1,1,1,0,0,246.5,7.5,4.5,44,5
Paine graham Fitness Line,1,1,1,0,0,384,11.7,2.6,83,6.8
Paine graham French Toast,1,1,1,0,0,245,8,2.9,46.5,0.7
Paine graham Hapi Hap,1,1,1,0,0,225,13.8,0.7,41.4,1.3
Paine graham Neptun Dobrogea,1,1,1,0,0,236,8.9,0.8,46.8,3.2
Paine Grau Intreg Vel Pitar,1,1,1,0,0,220,12.5,1.7,39,10.3
Paine Hipoglucidica Bongrana,1,1,1,0,0,244,19,4,32,11
Paine hipoglucidica Bongrana Sana,1,1,1,0,0,244,19,4,32,11
Paine hipoglucidica Pambac,1,1,1,0,0,250,24.5,3.8,29.4,12.8
Paine hipoglucidica Simpa,1,1,1,0,0,225.4,19.9,2.8,30.1,2
Paine inegrala toast Real,1,1,1,0,0,245,11.2,2.5,44,5.7
Paine integrala 8 cereale  Pema,1,1,1,0,0,188,5,2,37,8
Paine integrala Alipende,1,1,1,0,0,251,9,3,47,8
Paine integrala Allinson,1,1,1,0,0,200,8.5,0.9,39,6.5
Paine integrala Billa Vollkornbrot,1,1,1,0,0,212,6.1,4.2,32.7,4.7
Paine integrala Bimbo,1,1,1,0,0,244,10.6,2.5,41.8,6
Paine integrala bogata in fibre vegetale KB,1,1,1,0,0,245,12,4.6,44.5,6
Paine integrala Boromir,1,1,1,0,0,267,11.4,1.5,52,8
Paine integrala cu secara Pural,1,1,1,0,0,171,4,1,36,9
Paine integrala cu seminte de floarea-soarelui Pural,1,1,1,0,0,192,6,3,34,8
Paine integrala cu seminte LIdl,1,1,1,0,0,247,9.3,6,35.2,7
Paine integrala cu seminte Warburtons,1,1,1,0,0,288,12.3,8.9,39.7,6
Paine integrala DailyToast Vel Pitar,1,1,1,0,0,209.3,8.2,1.3,41.2,7.6
Paine integrala de grau Pural,1,1,1,0,0,188,6,2,36,8
Paine integrala de secara dezhidratata 3 Ahren Brot Penny,1,1,1,0,0,339,10.8,1.9,60.6,18
Paine integrala de secara Pema,1,1,1,0,0,193,5,1,36,9
Paine integrala de secara Vita Star,1,1,1,0,0,198,5,1,36,11
Paine integrala Estilo Mediterraneo,1,1,1,0,0,284,10.7,2.9,50.6,3
Paine integrala Farmhouse Soft Batch Wheatfield Bakery,1,1,1,0,0,210,10.4,2.8,36.2,7
Paine integrala feliata  Bongrana,1,1,1,0,0,262,10.5,4.9,39.7,8.4
Paine integrala feliata Panifcom,1,1,1,0,0,218,8,1,43,0
Paine integrala Fitness Mestemacher,1,1,1,0,0,172,6,1.8,33,8.4
Paine integrala Grau intreg Vel Pitar,1,1,1,0,0,255,12.4,4.5,47.2,12
Paine integrala HapiHap Titan,1,1,1,0,0,217,15.4,0.6,38.3,1.6
Paine integrala Kohberg,1,1,1,0,0,200,6,1,38,9
Paine integrala Neptun Dobrogea,1,1,1,0,0,225,8.8,1.3,43,7.5
Paine integrala Pan Group,1,1,1,0,0,251,9.5,1,51,7
Paine integrala prajita Armonie Mulino Bianco,1,1,1,0,0,395,12,6,69.7,7
Paine integrala toast feliata Vollkorn Tesco,1,1,1,0,0,231,10,2.3,42.7,5.3
Paine integrala UrteKram,1,1,1,0,0,240,36,5.5,3,7.5
Paine integrala Vel Pitar,1,1,1,0,0,222,14,1.8,39,10.3
Paine intermediara,1,1,1,0,0,246,9.8,1,47.9,3.7
Paine keto cu seminte si branza,1,1,1,0,0,228.8,16.2,16.3,6.1,2
Paine la forma feliata Neptun Dobrogea,1,1,1,0,0,245,9.3,2,46,0
Paine Lady Puravita Cora,1,1,1,0,0,228,8.4,3.1,41.7,6.8
Paine Lady Puravita Fibre,1,1,1,0,0,186,7.1,3.5,31.4,4
Paine Longevita Franzeluta,1,1,1,0,0,237.3,8.5,1.2,47.3,0
Paine mediteraneana Bonpana,1,1,1,0,0,289,11,6,42,2
Paine multicereale Aldi,1,1,1,0,0,195,8.8,4.5,29.8,17
Paine multicereale Biaform Colruyt,1,1,1,0,0,246,10.6,3.6,37.9,9.7
Paine multicereale Bonpana Dobrogea,1,1,1,0,0,220,7.6,2.8,39.4,3.1
Paine multicereale Gliga,1,1,1,0,0,255,11.3,3.9,43.6,3.7
Paine multicereale Lider Pan,1,1,1,0,0,223,8.9,1.9,41.4,1.6
Paine multicereale Verival,1,1,1,0,0,222,9.5,4.1,38.7,13.1
Paine multicereale  feliata Rotunda Romanesca ,1,1,1,0,0,264.9,11.3,4.5,42.7,4.2
Paine neagra,1,1,1,0,0,249,8.5,0.8,50.6,5
Paine neagra bio Kornkammeret,1,1,1,0,0,230,7,7,30,9
Paine neagra cu cartofi feliata Boromir,1,1,1,0,0,255.4,8.9,1.5,51.6,6
Paine neagra cu fibre  feliata Vel Pitar,1,1,1,0,0,186.9,8.9,0.4,36.8,10.2
Paine neagra cu secara feliata Vel Pitar,1,1,1,0,0,229,7.3,1.4,47,0.9
Paine neagra cu secara Panifcom,1,1,1,0,0,227,7,0.5,49,3.2
Paine neagra cu tarate facuta in casa Dark,1,1,1,0,0,276,8.4,4.4,52,1.4
Paine neagra cu tarate si seminte de cereale Galmopan,1,1,1,0,0,250,9.2,2.7,47.3,4.1
Paine neagra feliata Dobrogea,1,1,1,0,0,241,8.6,2,43.6,7.2
Paine neagra Pumpernickei Haverland,1,1,1,0,0,211,5.3,1.6,39,9.5
Paine neagra Pumpernickel Pural,1,1,1,0,0,190,5,1,39,9
Paine neagra Vatra Domneasca Total,1,1,1,0,0,222,9.1,1.2,42.3,11.7
Paine pentru sandwich 8 cereale Bimbo,1,1,1,0,0,248,11,2.2,38,16
Paine prajita Bio Carrefour,1,1,1,0,0,358,13,6,63,11
Paine prajita biscottes Auchan,1,1,1,0,0,400,9.5,7.5,71,5
Paine prajita Biscottes Mega Image,1,1,1,0,0,416,12.8,7.1,74.2,1.8
Paine prajita Booivakn,1,1,1,0,0,364,14.9,6.8,60.9,9.7
Paine prajita Clasic Eti Mek ,1,1,1,0,0,401,10.2,5,78.4,2
Paine prajita cu faina integrala Fette Biscottate,1,1,1,0,0,379,12,6,69.2,7.5
Paine prajita cu tarate  germeni de grau si faina integrala Biscottes Bio Nature,1,1,1,0,0,372,14.8,4.4,64.6,7.3
Paine prajita de secara Finn Crisp,1,1,1,0,0,320,11,2.4,63,19
Paine prajita fara sare Delhaize Mega Image,1,1,1,0,0,366,16,1.5,72,6.5
Paine prajita integrala Buitoni,1,1,1,0,0,391,11.4,5.8,73.4,4.3
Paine prajita Mini biscottes cu susan Minigrill,1,1,1,0,0,422,12,12,63,7
Paine prajita mini toast Delhaize Mega Image,1,1,1,0,0,393,10.9,3.7,79.6,1.9
Paine prajita Mini Tostas Melba,1,1,1,0,0,388,14.9,7,66.3,9.9
Paine prajita Top Budget,1,1,1,0,0,410,10.5,7.5,75,0
Paine rotunda romaneasca rustica Danser-pan Padureni,1,1,1,0,0,251,8.4,1.1,52.1,1.7
Paine Rustikorn Tac Tac,1,1,1,0,0,237,8.1,1.1,48.7,3.2
Paine saraca in glucide Lujerul,1,1,1,0,0,185,12.5,1.8,29.7,6
Paine secara Hapi Hap,1,1,1,0,0,227,12.9,0.8,42.4,1.1
Paine secara hipocalorica Natura Land,1,1,1,0,0,168,5.2,1.4,33.8,11
Paine secara integrata extrudate Linea Natura,1,1,1,0,0,262,12,8,36,18
Paine secara Pan Negro Mega Image,1,1,1,0,0,178,5.4,1.4,35.3,11.9
Paine secara Pumpernickel Vita Star,1,1,1,0,0,198,5,1,36,11
Paine secara Ryvita,1,1,1,0,0,317,8.5,1.7,66.9,16.5
Paine Silueta Bimbo,1,1,1,0,0,245,9.1,2.8,42.6,6.5
Paine Silueta Vel Pitar,1,1,1,0,0,250,9.5,3.5,47,0
Paine spanish soya Corona,1,1,1,0,0,247,8.2,2,47.8,4.8
Paine speciala light Vita Star,1,1,1,0,0,171,5,3,34,9
Paine speciala Vita Star,1,1,1,0,0,188,6,2,31,10
Paine specialitate bavareza Vel Pitar,1,1,1,0,0,239,12,2.1,39,4.7
Paine specialitate cu graham si secara Keine Touch,1,1,1,0,0,239,10.2,2,48.8,7.3
Paine tarate de casa,1,1,1,0,0,126,5,3,27,10
Paine tarate Scandurica Ana Pan,1,1,1,0,0,350,12,4.8,61,15
Paine toast 100% faina negra ToasTina,1,1,1,0,0,252,14.1,2.8,42.6,8
Paine toast clasic Vel Pitar,1,1,1,0,0,257,8.2,1.8,52.1,0
Paine toast clasic Vita Star,1,1,1,0,0,256,9.4,2.1,51.8,3.8
Paine toast cu germeni de grau Savoria,1,1,1,0,0,289,10.5,4.9,52.4,0
Paine toast cu malt Franzeluta,1,1,1,0,0,220.1,8.3,4,39.9,0
Paine toast cu secara Savoria,1,1,1,0,0,255.1,8.9,0,50.6,0
Paine toast cu secara Vita Star,1,1,1,0,0,253,10.4,2.8,49.6,5.9
Paine toast din grau integral Auchan,1,1,1,0,0,361,12,8.5,59,10
Paine toast Franzeluta,1,1,1,0,0,262.4,8.1,2.3,49.5,0
Paine toast graham Breadies,1,1,1,0,0,256,7.7,4.5,44.5,0
Paine toast graham Dobre & Fiii,1,1,1,0,0,256,7.7,4.5,44.5,5
Paine toast graham Real quality,1,1,1,0,0,246,10,2.5,43,5.5
Paine toast Heimili,1,1,1,0,0,271,9,3,52,0
Paine toast intergal Cora,1,1,1,0,0,252,9.7,2.4,42.9,10.1
Paine toast multicereal Breadies,1,1,1,0,0,228.5,8.3,3.4,39.8,0
Paine toast prajit Delhaize,1,1,1,0,0,366,16,1.5,72,6.5
Paine toast secara Bongrana,1,1,1,0,0,256,10.7,3.7,43.4,6
Paine toast secara Breadies,1,1,1,0,0,229.2,7.5,2.1,43.5,0
Paine ultrafibre Bongrana,1,1,1,0,0,243,16,4,35,7
Paine Urtekram,1,1,1,0,0,240,7,5.5,36,7.5
Paine uscata cu fibre Burger,1,1,1,0,0,341,10.5,4.5,54.2,21
Paine Vita Rustica Vel Pitar,1,1,1,0,0,217.6,7,1.2,44.7,3.4
Painea Brutarului alba rotunda Lidl,1,1,1,0,0,283,7.9,3.8,54.3,2
Painea Brutarului neagra Lidl,1,1,1,0,0,257.6,8.7,1.8,51.7,3.3
Painici crocante aurii Dll,1,1,1,0,0,394,9.5,8,71,6.1
Pasca cu usturoi Carrefour,1,1,1,0,0,338,10.3,1.6,69.4,0
Pasca din grau integral Carrefour,1,1,1,0,0,330,10.5,1.7,66.9,0
Pesmet negro Arcada,1,1,1,0,0,380,11.9,4.6,75.6,0
Pine feliata PanCarre,1,1,1,0,0,284,7.7,5.3,51.3,2.4
Pita integrala Hatting,1,1,1,0,0,260,8,3,49,4
Specialitate Bavareza Vel Pitar,1,1,1,0,0,239,12,2.1,46.4,4.7
Specialitate hipoglucidica Vel Pitar,1,1,1,0,0,229,17.2,2.8,30.5,11
Supliment hormonal Slim in Sleep Dr.Pape,1,1,1,0,0,266,27.9,11.1,7.9,10.7
Toast crocant cereale 365,1,1,1,0,0,373,11,4,73.2,6.5
Toast de spelta Pural,1,1,1,0,0,397,12.4,7.9,68.5,0
Tortilla Auchan,1,1,1,0,0,323,9.3,7,54.2,2.9
Tortilla integral Santa Maria,1,1,1,0,0,300,8.5,6,51,5
Turte de orez Aldi R,1,1,1,0,0,386,7.2,3.5,80.3,3.3
Wasa burger susan Kaufland,1,1,1,0,0,368,10.8,6.8,59.8,16
