Amestec branzeturi maturate Agriform,1,0,1,0,390,35,26.5,3,0
Aperitive de branza Delaco,1,0,1,0,327,9,31,3,0
Batoane mozzarella Cheesetrings Ficello,1,1,1,0,285.7,28.5,19,0,0
Bbranza brie cu mucegai Cambozola,1,0,1,0,434,13.5,42,0.5,0
"Branza 0,4% Line Korniger Frischkase",1,0,1,0,72,15.5,0.4,1.6,0
Branza 10% Fagaras Monor,1,0,1,0,138,7,10,4,0
"Branza 4,2% Fagaras Monor",1,0,1,0,123,7.2,8.2,4.2,0
Branza 5% Fagaras Lacteea,1,0,1,0,99,10,5,3.5,0
Branza afumata Scamorza Alpilatte,1,0,1,0,288,22,22,0.5,0
Branza alba natur 20% Milbona,1,0,1,0,75,7.8,3.3,3.5,0
Branza albastra bio Castello,1,0,1,0,430,13,42,0.1,0
Branza albastra Danish blue cheese Castello,1,0,1,0,400,17,37,0,0
Branza albastra Danish Blue Cheese Original Castello,1,0,1,0,340,19,29,0.1,0
Branza Batido Aldi R,1,0,1,0,73,7.9,3.2,3.1,0
Branza Brie,1,0,1,0,337,20.8,27.7,0.5,0
Branza Brie 365,1,0,1,0,349,17,31,0.5,0
Branza brie Castello,1,0,1,0,296,19,24,1,0
Branza Brie Hochland,1,0,1,0,360,17,32,1,0
Branza brie light Chene d'argent Lidl,1,0,1,0,187,22,11,0.1,0
Branza Brie Louis d'Or,1,0,1,0,363,16.5,33,0.1,0
Branza Brie President,1,0,1,0,315,21,22,0,0
Branza Brie Princip!,1,0,1,0,290,21,23,0,0
Branza Brie Vian,1,0,1,0,365,17,32.5,1,0
Branza burduf 40% Pilos,1,0,1,0,298,16,22,8,0
Branza burduf Ardeleanca,1,0,1,0,251,18,19,2,0
Branza burduf Biomilk,1,0,1,0,284,20,22,1,0
Branza burduf de Ibanesti,1,0,1,0,328,0,45,0,0
Branza burduf Napolact,1,0,1,0,256,17,20,2,0
Branza burduf Premio Unicarm,1,0,1,0,305,20,25,0.1,0
Branza burduf Raraul,1,0,1,0,280,20,22,0,0
Branza burduf Solomonescu,1,0,1,0,310,18,22.5,4.5,0
Branza Camembert,1,0,1,0,308,21.5,23,1.5,0
Branza Camembert Alpenmark,1,0,1,0,280,20,22,0.4,0
Branza Camembert Carrefour,1,0,1,0,265,19,21,0.1,0
Branza Camembert From'Dor,1,0,1,0,287,22,22,0.3,0
Branza Camembert Goldsteig,1,0,1,0,349,17.5,31,0.1,0
Branza Camembert Striegistaler Zwerge,1,0,1,0,280,20,22,0.5,0
Branza capra Caprillice,1,0,1,0,252,15,20,3,0
Branza capra eco. Tebstrup,1,0,1,0,337,19.9,27.9,2,0
Branza capra maturata,1,0,1,0,452,30.5,35.6,2.2,0
Branza capra maturata Real,1,0,1,0,198,13.1,15.8,1,0
Branza capra Soignon,1,0,1,0,152,10,12,0,0
Branza Certosa Galbani,1,0,1,0,278,14.5,23.5,2,0
Branza Cheddar,1,0,1,0,403,24.9,33.1,1.3,0
Branza cheddar bio Natural English Grandma Singletons,1,0,1,0,399,23.8,33.7,0.1,0
Branza cheddar Deluxe Lidl,1,0,1,0,410,25,34,0.1,0
Branza cheddar seriously strong McLelland,1,0,1,0,410,25,34.4,0.1,0
"Branza cottage 2,2% dietetica Linessa",1,0,1,0,83,12.7,2.2,3.1,0
Branza cottage 3% Exquisa,1,0,1,0,83,13,3,1,0
Branza cottage 365 ,1,0,1,0,103,11,5.5,2.5,0
Branza cottage 4% Premio Unicarm,1,0,1,0,84,11,4,1,0
"Branza Cottage 4,5% Fricheso",1,0,1,0,96,12,4.5,2.5,0
Branza Cottage 5% grasime Tnuva,1,0,1,0,93,10.5,5,1.5,0
Branza cottage Arla,1,0,1,0,70,11,1.5,3,0
Branza cottage Arla eco.,1,0,1,0,100,13,4.5,2.5,0
Branza Cottage Cheese Danone ,1,0,1,0,92,11.9,3.9,2.2,0
Branza Cottage Cheese light 2.2% Danone,1,0,1,0,81,12.4,2.2,3,0
Branza cottage cheese Longley Farm,1,0,1,0,104,10.3,6,2.2,0
"Branza cottage cheese low fat 2,2% Linessa Lidl",1,0,1,0,83,12.7,2.2,3.1,0
Branza Cottage cu ardei gras rosu 5% Tnuva,1,0,1,0,101,10.8,5,2.9,0.6
Branza cottage cu masline verzi Mega Image,1,0,1,0,105,10.9,4.9,4,0.2
Branza cottage cu masline verzi Tnuva,1,0,1,0,101,11.9,5,2.1,0.4
Branza Cottage Exquisa,1,0,1,0,97,13,4.3,1.5,0
Branza Cottage Goldessa,1,0,1,0,103,13,5,3,0
Branza Cottage Hochland,1,0,1,0,104,12.3,4.8,2.9,0.5
Branza cottage Kingfrais,1,0,1,0,105,12.5,4.5,3,0
"Branza Cottage light 2,2% Hochland",1,0,1,0,81,12.4,2.2,3,0
Branza cottage marar si usturoi Tnuva,1,0,1,0,93,10.5,5,1.5,0
Branza Cottage Sainsbury's,1,0,1,0,111,9.2,6,4.8,0.4
Branza cottage Tesco,1,0,1,0,75,10.8,1.3,4.7,0
Branza Cottage Tnuva,1,0,1,0,126,10,9,1.2,0
Branza Cottage Tnuva Slim,1,0,1,0,62,11,2,1.8,0
Branza cremoasa din lapte de capra Delaco,1,0,1,0,290,22,21,1,0
Branza cremoasa natural Hacendado,1,0,1,0,243,4.7,23,4.1,0.2
Branza cu capsuni Quark Dessert Exquisa,1,0,1,0,134,5.2,6,14.9,0
"Branza cu gust de lapte Miez de lapte 0,2% Delaco",1,0,1,0,66,12,0.2,4,0.6
Branza cu mucegai albastru Danish Blue Chees Danablu St. Clemens,1,0,1,0,360,21,28,1,0
Branza cu mucegai albastru nobil Hochland Bleu,1,0,1,0,415,15,39,1,0
Branza cu mucegai Danish blue cheese Viking,1,0,1,0,340,20,29,1,0
Branza cu mucegai nobil albastru Gran Bavarese,1,0,1,0,339,21.5,27.9,1,0
Branza cu usturoi Boursin,1,0,1,0,406,8.5,40,3,0.2
Branza cu usturoi si ierburi Le Roule,1,0,1,0,300,7.8,27.3,4.1,1.3
Branza cu verdeata 365 Mega Image,1,0,1,0,241,6,23,2.5,0
Branza d vaca proaspata Stracchino Nonno Nanni,1,0,1,0,295,12.5,26.5,1.5,0
Branza daneza,1,0,1,0,450,6,19,62,1
Branza daneza feliata Sanebebel,1,0,1,0,323,23.5,25,0.1,0
Branza de burduf,1,0,1,0,369,27.4,27.4,0.5,0
Branza de burduf afumata Rodna,1,0,1,0,327,25,25,0.1,0
Branza de burduf Albalact,1,0,1,0,280,20,22,0,0
Branza de burduf Calion,1,0,1,0,285,21.5,23.4,0.5,0
Branza de burduf Carrefour,1,0,1,0,260,16,18,8,0
Branza de burduf Coliba Ciobanasului,1,0,1,0,489,20,45,1,0
Branza de burduf Hochland,1,0,1,0,272,18,22,0.5,0
Branza de burduf oaie si vaca Unilact,1,0,1,0,260,16,16,13,0
Branza de Burgos ,1,0,1,0,199,10.7,15.5,3.6,1.5
"Branza de Burgos 0,1% Alipende",1,0,1,0,71,13,0.1,4,0
Branza de capra cu ierburi LaColline,1,0,1,0,300,20,25,0,0
Branza de capra cu verdeata Delaco,1,0,1,0,296,22,22,1,0
Branza de capra Hacendado,1,0,1,0,370,17,32,3.6,0.5
Branza de capra Petit Chebra,1,0,1,0,302,19,25,0.2,0
Branza de capra Schaerdinger,1,0,1,0,374,26,30,0,0
Branza de oaie,1,0,1,0,283,18.2,21.1,3,0
"Branza de vaca 0,1% Albalact",1,0,1,0,20,2,0.1,3,0
Branza de vaca Apetina Arla,1,0,1,0,260,15,22,0.2,0
Branza de vaca cu aroma vanilie Galacta,1,0,1,0,155,18.5,4.2,11,0
Branza de vaca grasa,1,0,1,0,285,11.5,24.9,1.5,0
Branza de vaca grasa 28% Olay,1,0,1,0,310,13,28,1.5,0
Branza de vaca proaspata dietetica Galacta,1,0,1,0,77,16,1,1,0
Branza de vaca semi-grasa,1,0,1,0,147,16.2,7,3.7,0
Branza de vaca slaba,1,0,1,0,78,14.1,0.5,3.8,0
Branza de vaca Talia Olympus,1,0,1,0,260,17,21,0.6,0
Branza de vaci,1,0,1,0,201,17.9,12.2,3.5,0
Branza de vaci cremoasa Dr. Oetker,1,0,1,0,82,10.2,3,3.6,0
Branza de vaci cu ardei gras Raraul,1,0,1,0,104,10.3,5.2,4.2,0.2
Branza de vaci cu ceapa verde Raraul,1,0,1,0,103,10.4,3.6,5.3,0.1
Branza de vaci cu visine Raraul,1,0,1,0,126,9.2,5.3,10.6,1
"Branza de vaci degresata 0,2% Alpa",1,0,1,0,71,12.5,0.2,4.1,0
"Branza de vaci dietetica 0,2% Hochland",1,0,1,0,67,12.7,0.2,3.7,0
Branza de vaci Hochland,1,0,1,0,96,11.3,4,3.6,0
Branza de vaci Moldovita Raraul,1,0,1,0,103,10.2,3.6,5.3,0
"Branza de vaci partial degresata 4,7%  Pilos",1,0,1,0,133,18.7,4.7,3.7,0
"Branza de vaci pentru prajituri, clatite si galusti umplute 6% Pilos",1,0,1,0,119,11,6.5,4,0
Branza de vaci Petit Suisse,1,0,1,0,132,9,9.2,3.4,0
Branza de vaci slaba 0.5% Covalact de Tara,1,0,1,0,81,17,0.5,2,0
Branza de vaci slaba 1% Covalact de Tara,1,0,1,0,85,17,1,2,0
Branza de vaci su smantana Raraul Roua Diminetii,1,0,1,0,103,10.2,5.3,3.6,0
"Branza degresata 0,5% Cora",1,0,1,0,81,16,0.5,3,0
Branza Derby,1,0,1,0,285,16.7,23.4,1.6,0
"Branza dietetica de vaca 0,1% Lacteea Slim",1,0,1,0,68,12.3,0.1,3.5,0
"Branza dietetica de vaca 0,2% Lacteea",1,0,1,0,67,12.3,0.2,4.1,0
Branza dietetica Natura,1,0,1,0,176,13,5,10,0
Branza dietetica proaspata de vaci Raraul,1,0,1,0,85,17,0.6,3,0
Branza double cream Akadia,1,0,1,0,240,8.5,21,3,0
"Branza dulce 0,5 % Burgos Dia",1,0,1,0,68,11.5,0.5,4,0
Branza dulce Burgos natural Mama Louise,1,0,1,0,118,11,6.5,4,0
Branza Edamer Bluedino,1,0,1,0,334,25,26,0,0
Branza Emmentaler Scheiben Campus,1,0,1,0,388,30.5,29.5,0.1,0
Branza Exquisa Quark and Frucht,1,0,1,0,90,6,2.9,9.7,0
Branza Exquisa Quark cu straciatella,1,0,1,0,99,6.4,1.7,14.4,0
Branza Fagaras 11% Lactag,1,0,1,0,109,11.5,11,2.2,0
Branza Fagaras 3% Raraul,1,0,1,0,87,11.6,3,3.5,0
"Branza Fagaras 5,3% Pilos",1,0,1,0,103,10.2,5.3,3.6,0
Branza Fagaras 6% Lactag,1,0,1,0,77.2,3.6,6,2.2,0
Branza Fagaras Aro,1,0,1,0,106,13,6,3.5,0
Branza Fagaras Bonas,1,0,1,0,146,13,6,10,0
Branza Fagaras Bueno,1,0,1,0,109,11.5,11,2.2,0
Branza Fagaras Coliba Ciobanasului,1,0,1,0,126,9,7.8,4.2,0
Branza Fagaras Covalact,1,0,1,0,116,8.5,8,2.6,0
Branza Fagaras Gusturi Romanesti,1,0,1,0,138,7.4,10.3,3.9,0
Branza Fagaras Hochland,1,0,1,0,121,11.2,7,3.2,0
Branza Fagaras K-classic,1,0,1,0,154,11.5,11,2.2,0
Branza Fagaras Lactate Harghita,1,0,1,0,147,9,11,3,0
Branza Fagaras Lacteea,1,0,1,0,149,7.7,10,3.7,0
Branza Fagaras LaDorna,1,0,1,0,180,7.9,15.8,1.4,0
Branza fagaras Milli,1,0,1,0,146,13,6,10,0
Branza Fagaras Napolact,1,0,1,0,146,13,6,10,0
Branza Fagaras Natura,1,0,1,0,180.7,2.2,18,2,0
Branza Fagaras Raraul,1,0,1,0,103,10.2,5.3,3.6,0
Branza Fagaras usoara Covalact De Tara,1,0,1,0,94,9.4,5,3,0
Branza Fagaras Winny,1,0,1,0,69,13,6,3.5,0
Branza feliata emmentaler Apetito,1,0,1,0,210,14.5,14,6.5,0
Branza feliata emmentaler Delaco,1,0,1,0,217,16,13,9,0
Branza feliata Klovborg,1,0,1,0,320,24,25,0.1,0
Branza felii Emmetaler Alphorn,1,0,1,0,275,14,23,3,0
Branza felii Gouda Benjamin Milram,1,0,1,0,357,24,29,0,0
Branza felii light Alphorn,1,0,1,0,212,20,12,6,0
Branza fermentata Gusturi Roamanesti Mega Image,1,0,1,0,303,20.2,23.5,0.3,0
Branza fermentata Nasal Napolact,1,0,1,0,307,19,25,1.5,0
Branza feta,1,0,1,0,264,14.2,21.3,4.1,0
Branza feta Akadia,1,0,1,0,230,10,19,5,0
Branza feta Al Marai,1,0,1,0,178,14.5,10,4.5,0
Branza feta Aldi R,1,0,1,0,282,20,22,1,0.1
Branza feta bio Andechser,1,0,1,0,280,15,24,1,0
Branza feta El Ventero,1,0,1,0,212,11.7,16.8,3.6,0
Branza feta greceasca Attis,1,0,1,0,300,18,23,1.5,0
Branza feta Irma,1,0,1,0,240,17,19,0.5,0
Branza feta LaDorna,1,0,1,0,237,16.5,18.9,0.7,0
Branza Feta Olympus,1,0,1,0,276,16.5,23,0.7,0
Branza feta premium Almarai,1,0,1,0,213,12.5,16.5,4,0
Branza feta Princip!,1,0,1,0,275,16,23,1,0
Branza Fiocco di Latte cottage Bayernland,1,0,1,0,92,13,4,1,0
Branza gorgonzola inteso Galbani,1,0,1,0,327,19.4,28.4,0,0
Branza gouda Bluedino Lidl,1,0,1,0,334,25,26,0,0
Branza Gouda Gold,1,0,1,0,400,23,30,0,0
Branza Gouda light 365,1,0,1,0,272,30,17,0.8,0
Branza Gouda Milbona,1,0,1,0,365,23,30,0,0
Branza Gouda Mini Babybel,1,0,1,0,381,23.8,28.6,0,0
Branza grasa de vaca  Lacteea,1,0,1,0,102,11,4.5,4.3,0
Branza grasa de vaca 20% in substanta uscata Lacteea ,1,0,1,0,97,10.8,4.4,3.6,0
Branza grasa de vaca Milli,1,0,1,0,161,16.8,7.5,6.5,0
Branza grasa de vaci Premio Unicarm,1,0,1,0,138,15,8,1.5,0
Branza grasa de vaci Prodlacta Brasov,1,0,1,0,137,15,8,1.3,0
Branza grasa proaspata de vaca Milli Perfecto,1,0,1,0,161,16.8,7.5,6.5,0
Branza grasa proaspata de vaci Raraul,1,0,1,0,157,17,2,9,0
Branza grasa proaspata Napolact,1,0,1,0,152,17,8,3,0
Branza grattugiato Antichi Maestri,1,0,1,0,384,33,28,0,0
Branza grill Akadia,1,0,1,0,245,17,19,3,0
Branza Gruyere,1,0,1,0,413,29.8,32.3,0.4,0
Branza halloumi,1,1,1,0,321,21.4,25,3.6,0
Branza italieneasca pentru paste Napolact,1,0,1,0,349,35,26,1.5,0
Branza Jarlsberg,1,0,1,0,351,27,27,0,0
Branza Korniger Frischkase,1,0,1,0,92,13,4,1,0
Branza light 0% Burgo de Arias,1,0,1,0,66,12,0.2,3.8,0.6
Branza light Burgo de Arias,1,0,1,0,66,12,0.2,4,0
Branza light El Ventero,1,0,1,0,267,19.9,19.8,2.2,0
Branza light felii Gouda Linessa,1,0,1,0,256,28,16,0,0
Branza Liptauer,1,0,1,0,317,12,29,2,0
Branza Ma Raclette Entremont,1,0,1,0,348,24,28,0.5,0
Branza Maasdamer,1,0,1,0,347,26,27,0.5,0
Branza Madrigal President,1,0,1,0,357,25,29,4,0
Branza Mascarpone Agriform,1,0,1,0,411,3.6,42,4.6,0
Branza Mascarpone Aldi R,1,0,1,0,392,4.5,40,3.5,0
Branza mascarpone Exquisa,1,0,1,0,365,5,36.5,4,0
Branza mascarpone Galbani,1,0,1,0,412,4.8,41.5,4.8,0
Branza mascarpone Lovilio,1,0,1,0,355,5.8,36,3,0
Branza mascarpone Naturella,1,0,1,0,374,5,37.5,4,0
Branza maturata Jacobsen,1,0,1,0,340,26,26,1.6,0
Branza Milfina,1,0,1,0,271,12,23,4,0
Branza moale cu chili Goldessa,1,0,1,0,447,14,43.3,0.3,0
Branza moale cu mascarpone Pilos,1,0,1,0,276,10,24,5,0
Branza moale sarata 18% Pilos,1,0,1,0,218,10,18,4,0
Branza mozzarella bio Urtekram,1,0,1,0,219,17,16.5,0.7,0
Branza mozzarella Bonas,1,0,1,0,256,16,20,3,0
Branza mozzarella eco Vitoria,1,0,1,0,284,16,24,1,0
Branza mozzarella Monor,1,0,1,0,217,18,15,1,0.1
Branza mozzarella Real,1,0,1,0,294,23,22,1,0
Branza mozzarella Zottarella,1,0,1,0,247,17.5,19,1.5,0
Branza mozzarella Zottarella Light,1,0,1,0,157,19,8.5,1,0
Branza Munster,1,0,1,0,317,20,26,1,0
Branza pentru prajit Borcea,1,1,1,0,340,22,24,3,0
Branza pentru salata Danish White Arla,1,0,1,0,243,11,21,2.5,0
Branza perle Campus,1,0,1,0,92,13,4,1,0
Branza perle cu smantana LaDorna 2%,1,0,1,0,74,13,2,1,0
Branza Philadelphia Duo,1,0,1,0,300,5.9,28,4.6,0.9
Branza poraspata 0.25% Quark,1,0,1,0,60,12,0,3,0
Branza proaspata 0% grasime de vaca ProdLacta,1,0,1,0,73,17,0,1.3,0
"Branza proaspata 0,2% Bioland",1,0,1,0,53,9.6,0.2,3.1,0
"Branza proaspata 0,2% Delaco",1,0,1,0,70,12.3,0.2,4.1,0
Branza proaspata 18% JLC,1,0,1,0,229,14,18,2.8,0
Branza proaspata 365,1,0,1,0,279,6,27,4,0
Branza proaspata Burgos ,1,0,1,0,165,9.2,12.7,3.6,0
Branza proaspata cu hrean Exquisa,1,0,1,0,225,5.5,0,3.5,0
Branza proaspata cu smantana Pilos,1,0,1,0,101,11,5,2.8,0
Branza proaspata cu verdeata Schnittlauch ,1,0,1,0,103,12.5,4.5,3,0
"Branza proaspata de vaca  0,1% Albalact",1,0,1,0,80,17,0.1,3,0
Branza proaspata de vaca Bonas,1,0,1,0,72,14,0.2,3.5,0
Branza proaspata de vaca grasa Natura,1,0,1,0,203,13,8,10,0
"Branza proaspata de vaci 0,5% dietetica Bueno",1,0,1,0,68.5,15,0.5,1,0
Branza proaspata de vaci 2% JLC,1,0,1,0,93,17,2,1.8,0
Branza proaspata de vaci 20% Bio Spar,1,0,1,0,97,10.8,4.4,3.6,0
Branza proaspata de vaci 5% JLC,1,0,1,0,120,17,5,1.8,0
Branza proaspata de vaci 5% Mega Image,1,0,1,0,100,11,5,3,0
Branza proaspata de vaci Auchan,1,0,1,0,73,15,1,1,0
Branza proaspata de vaci cu ananas Pilos,1,0,1,0,153,8,5,19,0
Branza proaspata de vaci cu ceapa si usturoi Pilos,1,0,1,0,129,9.2,8,5,0
Branza proaspata de vaci cu smantana Fagaras Friss,1,0,1,0,95,9.4,5,3,0
Branza proaspata de vaci cu smantana Fagaras Prodlacta,1,0,1,0,111,13,6,1.3,0
Branza proaspata de vaci dietetica 1% Big Panda,1,0,1,0,101,13,1,10,0
Branza proaspata de vaci Winny,1,0,1,0,69,17,5,3.5,0
Branza proaspata degresata de vaca Napolact,1,0,1,0,164,13,8,10,0
Branza proaspata Delaco,1,0,1,0,100,10.8,4.4,3.6,0
Branza proaspata dietetica Lactag,1,0,1,0,68.5,15,0.5,1,0
Branza proaspata dietetica Natura,1,0,1,0,123,13,1,10,0
Branza proaspata felii Exquisa,1,0,1,0,316,9.7,29.5,3,0
Branza proaspata grasa Natura,1,0,1,0,164,13,8,10,0
Branza proaspata Provence Buko,1,0,1,0,192,8.1,16.5,0,0
Branza proaspata Robiola Nonno Nanni,1,0,1,0,307,6,30.5,2,0
Branza proaspata sarata 12% Pilos,1,0,1,0,176,14,12,3,0
Branza proaspata slaba cu iaurt Exquisa,1,0,1,0,83,13,3,1,0
Branza proaspata slaba de vaca Clever,1,0,1,0,67,12.3,0.2,4.1,0
Branza proaspata tartinabila Kaufland,1,0,1,0,247,6,23.5,2.8,0
Branza Provolone Auricchio,1,0,1,0,398,25,33,0.2,0
Branza quark 20% Milbona,1,0,1,0,71,7.8,2.9,3.5,0.1
Branza Quark Exquisa 0.2%,1,0,1,0,48,8,0.2,3.5,0
Branza ricotta,1,0,1,0,174,11.3,13,3,0
Branza Ricotta Carrefour,1,0,1,0,101,7,6.5,3.7,0
Branza ricotta Cora,1,0,1,0,125,8,9,3,0
Branza ricotta Delhaize,1,0,1,0,150,7.5,12,3,0
Branza ricotta fresca Merivio,1,0,1,0,156,8,12,5,0
Branza ricotta Galbani,1,0,1,0,165,7.6,13.3,3.6,0
Branza ricotta Granarolo,1,0,1,0,156,8.5,12,3.5,10
Branza Ricotta Premio Unicarm,1,0,1,0,181,9,15,2.6,0
Branza ricotta Prestigio,1,0,1,0,163.6,9,12.7,3.6,0
Branza Roquefort,1,0,1,0,369,21.5,30.6,2,0
Branza scamorza ValBonta,1,0,1,0,306,21,24,1.5,0
Branza slaba,1,0,1,0,76.1,14.1,0.5,3.8,0
Branza slaba de vaca 1% Lactate Harghita,1,0,1,0,85,17,1,2,0
Branza slaba de vaca 1% Milli Perfecto,1,0,1,0,95,17,1,4.5,0
Branza slaba de vaca Milli,1,0,1,0,100,13,1,10,0
"Branza slaba de vaci 0,5% Unicarm",1,0,1,0,72,14,0.5,3,0
Branza tartinabila bio cu verdeturi Andechser,1,0,1,0,215,6.2,19.6,3.1,0
Branza tartinabila Fricheso Balance,1,0,1,0,167,7,14,3,0
Branza telemea maturata de vaca Hochland,1,0,1,0,279,15,24,0.7,0
Branza telemea maturata din lapte de capra pasteurizat Pilos,1,0,1,0,270,15,23,0.7,0
Branza Tilsiter felii Hochland,1,0,1,0,380,20,33,0,0
Branza topita 13% Hochland Fitness,1,0,1,0,189,12,13,0,0
Branza topita Bon Area lonchas,1,0,1,0,275,11.5,22.2,7.4,0
Branza topita Bonarea,1,0,1,0,209,9,17,5,0
Branza topita cascaval felii Hochland,1,0,1,0,283,15,23,4,0
Branza topita cheeseburger felii Hochland,1,0,1,0,279,14,23,4,0
Branza topita cu cascaval Fulga,1,0,1,0,277.6,12.6,22.8,5.5,0
Branza topita cu ciuperci President,1,0,1,0,241,9.7,25,3.9,0
Branza topita cu iaurt Kiri,1,0,1,0,255,9.5,23,2,2
Branza topita cu smantana Albalact,1,0,1,0,150,15,9,4.5,0
Branza topita cu smantana Apetito Kidiboo,1,0,1,0,210,10,17.2,3.8,0
Branza topita cu smantana Fulga,1,0,1,0,276.1,12.4,22.8,5.4,0
Branza topita cu smantana Hochland,1,0,1,0,244,7,20,5,1
Branza topita cu smantana Oke,1,0,1,0,280,7.5,22,7.5,0
Branza topita cu smantana Premio Unicarm,1,0,1,0,258,7.5,22,7.5,0
Branza topita cu sunca Coliba Ciobanasului,1,0,1,0,152,5,12,5,6
Branza topita cu sunca feliata Vian,1,0,1,0,247,15,19,4,0
Branza topita cu sunca felii Hochland,1,0,1,0,279,16,23,2,0
Branza topita cu sunca Fulga,1,0,1,0,281.2,13.8,23.3,4.3,0
Branza topita cu sunca Premio Unicarm,1,0,1,0,199,7.5,15,7.5,0
Branza topita degresata 365,1,0,1,0,188,16,12,4,0
Branza topita emmentaler Delaco,1,0,1,0,256,12,20,7,0
Branza topita feliata Apetito Delaco,1,0,1,0,217,16,13,9,0
Branza topita feliataAlipende,1,0,1,0,280,14.1,22,6.5,0
Branza topita felii ementaler Hochland,1,0,1,0,344,19,28,4,0
Branza topita felii Fitness Hochland,1,0,1,0,211,14,15,5,0
Branza topita felii gouda Hochland,1,0,1,0,340,19,28,3,0
Branza topita felii Tenery,1,0,1,0,283,14,23,5,0
Branza topita Hochland cu smantana felii,1,0,1,0,287,16,23,4,0
Branza topita Hochland triunghiuri,1,0,1,0,277,9,25,4,0
Branza topita Kidiboo Apetito,1,0,1,0,319,8,31,2.5,0
Branza topita La Vache Qui Rit,1,0,1,0,248,11,20,6,0
Branza topita light Alphorn Plus,1,0,1,0,212,20,12,6,0
Branza topita light feliata Delaco,1,0,1,0,200,16,12,7,0
Branza topita light feliata Sabanitas Hochland,1,0,1,0,186,19,9.5,6,0
Branza topita light felii Vian,1,0,1,0,204,17,12,7,0
Branza topita light La Vache Qui Rit,1,0,1,0,145,14,7,6.5,5
Branza topita light lonchas,1,0,1,0,259.5,14.5,21,3.1,0
Branza topita mixta La Dorna,1,0,1,0,290.6,14,25,2.4,0
Branza topita mixta light Alphorn Plus,1,0,1,0,170,13,10,7,0
Branza topita Mixtet Lacteea,1,0,1,0,302,13.5,27,4,0
Branza topita pentru toast simpla Almtaler,1,0,1,0,279,14,23,4,0
Branza topita smantana Delaco,1,0,1,0,140,11,8,6,0
Branza topita sunca SuperCremo Apetito,1,0,1,0,261,11,22,5,0
Branza topita super cremo cu smantana Apetito,1,0,1,0,210.3,14.5,14,6.5,0
Branza topita triunghi Kidiboo,1,0,1,0,210,10,17.2,3.8,0
Branza topita Vian ,1,0,1,0,302,13.5,27,1.2,0
Branza Trenta,1,0,1,0,330,29,24,0,0
Branza vaca Dia,1,0,1,0,379,22.1,32.2,0.1,0
Branza vaca Karabuiar Bulgaria,1,0,1,0,266,17,22,0,0
Branza vaca proaspata Schwarzwaldmilch bio Quark,1,0,1,0,67,12.7,0.2,3.7,0
Branza vaci 20% Kaufland,1,0,1,0,133,15.5,5,6.5,0
"Branza vaci dietetica 0,1% vrac Raraul",1,0,1,0,80,17,0.1,3,0
Branza vaci Oke,1,0,1,0,148,15,6,7,0
Branzica Cottage Cheese Delicia Prodlacta,1,0,1,0,96,13,4,2,0
Branzica de casa cottage cheese Covalact,1,0,1,0,109,12.2,6,1.5,0
Branzica de casa cu fructe de padure Covalact,1,0,1,0,118,10,5,8,0.7
Branzica de casa miere si nuci Covalact de tara,1,0,1,0,124,9.3,5,10.5,1.8
Branzica de casa stafide si vanilie Covalact de tara ,1,0,1,0,121,9.1,5,9.9,1
Branzica de casa usoara 2% Covalact,1,0,1,0,78,12.3,2,2.7,0
Branzica dulce degresata cu stafide Mic-Vis JLC,1,0,1,0,120,16,0,14,0
Branzica fina aerata cu capsuni Danone Frutmania,1,0,1,0,121,4.8,4,16.2,0
Branzica fina aerata cu cirese Danone Frutmania,1,0,1,0,121,4.8,4,16.2,0
Branzica fina cu caise Danone Activia,1,0,1,0,106,5.2,2.9,14.8,0.6
Branzica fina cu capsuni Danone Activia,1,0,1,0,110,5.2,2.9,15.7,0.5
"Branzica si smantana 4,8% Ceva Fin Delaco",1,0,1,0,105,12.3,4.8,2.9,0
Branzica si smantana Ceva fin cu masline Delaco,1,0,1,0,105,10.9,4.9,5,0.2
Brie Maubert,1,0,1,0,369,18,33,0,0
Brinza alba sarata Islos natur Milkana,1,0,1,0,208,11.3,16.5,3.5,0
Brinza taleggio,1,0,1,0,286,17.9,25,0,0
Bulgarasi de branza cu smantana Covalact,1,0,1,0,104,12,5.5,1.5,0
"Bulgarasi de branza proaspata slaba 4,5% Kraft",1,0,1,0,100,10.5,4.5,4.4,0.2
Cas de oaie,1,0,1,0,280,25,19,2.3,0
Cas de vaca,1,0,1,0,254,24.3,16,2.8,0
Cas proaspat de vaca Angst,1,0,1,0,254,24.3,16,2.8,0
Casacaval Dalia Penny,1,0,1,0,497,22,45,1,0
Casacaval Mooshirchner,1,0,1,0,359,29,17,10,0
Cascaval,1,0,1,0,283,25,19,1,0
Cascaval  felii Burlander Milram,1,0,1,0,347,26,27,0,0
Cascaval  Milram light,1,0,1,0,260,29,16,0.1,0
Cascaval 13% Kasehof ,1,0,1,0,245,32,13,0,0
Cascaval 16% Linessa,1,0,1,0,260,29,16,0,0
Cascaval 45% Emmentaler Lindenhof ,1,0,1,0,388,30.5,29.5,0.1,0
Cascaval afumat,1,0,1,0,353,22.3,27.3,1.9,0
Cascaval afumat Bluedino ,1,0,1,0,310,23.8,23.4,1.5,0
Cascaval afumat Hochland,1,0,1,0,332,24,26,0.5,0
Cascaval afumat LaDorna,1,0,1,0,316,19,26.4,0.5,0
Cascaval afumat Lidl,1,0,1,0,259,26,15,0,0
Cascaval afumat portionat Koliba,1,0,1,0,346,26.7,26.5,1,0
Cascaval afumat Sofia Delaco,1,0,1,0,323,24,25,1.1,0
Cascaval afumat Vidraru Milli,1,0,1,0,298,20,22,5,0
Cascaval Albalact,1,0,1,0,305,23,23,1,0
Cascaval Argesel Camy Lact,1,0,1,0,327,22,22.5,1.6,0
Cascaval Beclean,1,0,1,0,283,22,20.8,1,0
Cascaval Bluedino Lidl,1,0,1,0,327,25.5,25.5,0.7,0
Cascaval Bobalna Napolact,1,0,1,0,305,25,21,0,0
Cascaval Borcea,1,0,1,0,329,18,23,13,0
Cascaval Buledino,1,0,1,0,310,23.9,23.1,1.7,0
Cascaval Butterkase Milbona,1,0,1,0,330,24,26,0,0
Cascaval capra Five Continents,1,0,1,0,320,18,22,13,0
Cascaval capra Madjarov,1,0,1,0,300,24,30,0.5,0
Cascaval Cedar clasic Hochland,1,0,1,0,403,25,33,1,0
Cascaval Ciuc Friss,1,0,1,0,225,26,13,1,0
Cascaval clasic din lapte de vaca Napolact,1,0,1,0,349,25,27,1.5,0
Cascaval clasic Five Continents,1,0,1,0,320,18,22,13,0
Cascaval clasic Raraul,1,0,1,0,305,23,23,1,0
Cascaval cu chimen,1,0,1,0,225,30.5,10,1.6,0
Cascaval cu negrilica Mega Image,1,0,1,0,329,22,25.2,1.2,0
Cascaval Dalia Carrefour,1,0,1,0,317,22,25.2,0.5,0
Cascaval Dalia Ibanesti,1,0,1,0,322,22,24.5,1,0
Cascaval Dalia LaDorna,1,0,1,0,317,22,25.2,0.5,0
Cascaval Dalia Raraul,1,0,1,0,290,23,21,1,0
Cascaval de bivolita Rustic Eurolact,1,0,1,0,391,26,27,1,0
Cascaval de capra Cora,1,0,1,0,322,18,22,13,0
Cascaval de capra Rustic Eurolact,1,0,1,0,275,25,27,2,0
Cascaval de oaie Dalia Five Continents,1,0,1,0,320,18,22,13,0
Cascaval de oaie Dobrogea Five Continents,1,0,1,0,360,20,25,13,0
Cascaval de sandwich Delaco,1,0,1,0,327,25.5,25.5,0.7,0
Cascaval de vaca Carrefour,1,0,1,0,283,9,25.3,6,0
Cascaval de vaca Ialomita Five Continents,1,0,1,0,320,18,22,13,0
Cascaval de vaca light Carrefour,1,0,1,0,268,20,16,13,0
Cascaval de vaca Olympus,1,0,1,0,341,23,27,0.5,0
Cascaval de vaca Rucar Five Continents,1,0,1,0,329,18,23,13,0
Cascaval din lapte de vaca Auchan,1,0,1,0,327,23,26,1,0
Cascaval Dobrogea,1,0,1,0,423,28.6,32.4,1,0
Cascaval Dobrogea Five Continents,1,0,1,0,360,20,25,13,0.7
Cascaval ecologic LaDorna,1,0,1,0,317,22,25.2,0.5,0
Cascaval Edam No 1 Carrefour,1,0,1,0,327,23,26,1,0
Cascaval Edamer Lattaio,1,0,1,0,316,25,24,0,0
Cascaval Emmental 365,1,0,1,0,369,22.7,28.2,1,0
Cascaval Emmental feliat Kaufland,1,0,1,0,388,30.5,29.5,0.1,0
Cascaval Emmental Francais Cora,1,0,1,0,372,28,28,2,0
Cascaval Emmentaler bio Valmartin,1,0,1,0,399,28.9,28,0.5,0
Cascaval emmentaler Delaco,1,0,1,0,369,28,28.5,0,0
Cascaval Emmentaler LaDorna,1,0,1,0,360,27,28,0.1,0
Cascaval Emmentaler Milbona Lidl,1,0,1,0,388,30.5,29.5,0.1,0
Cascaval Emmentaler ras Milbona,1,0,1,0,388,30.5,29.5,0.1,0
Cascaval Emmetaler Goldsteig,1,0,1,0,383,30,28.5,1.5,0
Cascaval feliat de senvis Delaco,1,0,1,0,294,24.9,20.5,2.6,0.4
Cascaval feliat emmentaler Hochland,1,0,1,0,344,19,28,4,0
Cascaval feliat Gouda Hochland,1,0,1,0,356,23,29,0,0
Cascaval feliat Maasdamer Hochland,1,0,1,0,344,19,28,4,0.8
Cascaval Fetesti Five Continents,1,0,1,0,365,20,25,1.3,0
Cascaval forma pizza Viotoros,1,0,1,0,320,8,28,10,0
Cascaval gouda afumat Vian,1,0,1,0,355,23,27,0.1,0
Cascaval Gouda Lattaio,1,0,1,0,353,23,29,0.1,0
Cascaval Gouda Lindenhof,1,0,1,0,356,24.1,28.8,0,0
Cascaval gouda tanara 365,1,0,1,0,370,23,30,0,0
Cascaval grana padano,1,0,1,0,392,35.8,25.8,3.2,0
Cascaval grana padano Valbonta,1,0,1,0,384,33,28,0,0
Cascaval Hochland Clasic,1,0,1,0,360,18,32,1,0
Cascaval imperial Bluedino,1,0,1,0,334,25,26,0,0
Cascaval Kaseaufschnitt,1,0,1,0,260,29,16,0,11
Cascaval Leerdammer Original,1,0,1,0,358,27,28,0.1,0
Cascaval light Burlander Milram,1,0,1,0,260,29,16,0.1,0
Cascaval low fat Hajdu,1,0,1,0,315,27.9,23,1.5,0
Cascaval mini Babybel,1,0,1,0,304,22,24,0.2,0
Cascaval Napolact Cedra ,1,0,1,0,340,25,26,2,0
Cascaval natur Delhaize 365,1,0,1,0,400,23,30,0,0
Cascaval natur Hochland,1,0,1,0,314,24,24,0.5,0
Cascaval Penteleu Covalact ,1,0,1,0,263,23,19,0.1,0
Cascaval Penteleu Gurdon,1,0,1,0,298,22,22,0.4,0
Cascaval Penteleu Unicarm,1,0,1,0,275,25,19,1,0
Cascaval Perfecto Dalia Milli,1,0,1,0,298,20,22,5,0
Cascaval Perfecto Penteleu Milli,1,0,1,0,298,20,22,5,0
Cascaval pizza topping Forma Viotros,1,0,1,0,370,11.5,33,6.5,0
Cascaval portionat Koliba,1,0,1,0,337,25,25.9,1,0
Cascaval premium maturat Old Poland,1,0,1,0,339,26.2,26,0.1,0
Cascaval Provoleta,1,0,1,0,400,23.3,33.3,0,0
Cascaval ras Emental 365,1,0,1,0,369,27.7,28.2,1,0
Cascaval ras emmentaler President,1,0,1,0,360,27,28,0,0
Cascaval ras gouda Vian,1,0,1,0,335,23,27,0.1,0
Cascaval rotund feliat Bluedino,1,0,1,0,339,26.2,26,0.1,0
Cascaval Rucar Comintex,1,0,1,0,319,21.1,25.5,1.2,0
Cascaval Rucar Gusturi romanesti,1,0,1,0,322,23.9,24,0.4,0
Cascaval Rucar President,1,0,1,0,306,25,22.7,0.5,0
Cascaval Rucar Real,1,0,1,0,294,23,20,1,0
Cascaval Rucar Unicarm,1,0,1,0,289,24,21,1,0
Cascaval Rucar Vitoro,1,0,1,0,313,3.2,25,4,0
Cascaval Scamorza Vallelata,1,0,1,0,288,22,22,0.5,0
Cascaval semi-gras Bon Area,1,0,1,0,278,23,20,1,0
Cascaval semicurado Alipende,1,0,1,0,412,23.9,34.6,0.2,0
Cascaval slab,1,0,1,0,291,29.6,18.5,1.7,0
Cascaval Slankie 20+,1,0,1,0,200,30,11,0,0
Cascaval Sofia Delaco,1,0,1,0,311,25,24,0,0
Cascaval tartinabil Seriously Strong McLelland,1,0,1,0,301,15.5,25.6,1.5,0
Cascaval Tierno Dia,1,0,1,0,401,24,29,1,0
Cascaval Tilsit Bluedino,1,0,1,0,334,25,26,0.1,0
Cascaval Tip,1,0,1,0,327,25.5,25,0.1,0
Cascaval vaca Dalia Albalact,1,0,1,0,272,23,38,1,0
Cascaval vaca si oaie Dej Napolact,1,0,1,0,340,25,26,2,0
Cascaval Vio,1,0,1,0,325,24,25,1,0
Cascaval Ziegenkase,1,0,1,0,362,24,30,0,0
Cheese mix Kaufland,1,0,1,0,330,26,25,0.1,0
Cottage cheese ierburi Spar,1,0,1,0,85,12.7,2.2,3,0.1
Crema branza Bio Quark Andechser,1,0,1,0,53,9.6,0.2,3.1,0
Crema branza cu ceapa verde Cora,1,0,1,0,215,6.4,19.5,3.5,0
Crema branza cu verdeata Hochland,1,0,1,0,203,5,19,3,0
Crema branza de capra Chevridou,1,0,1,0,160,9,12,3.7,0
Crema branza dulce light Carrefour,1,0,1,0,46,8,0,3.5,0
Crema branza Kaufland,1,0,1,0,68,12.2,3.9,0.3,0
Crema branza light Viva,1,0,1,0,172,11.1,12,4.9,0.1
Crema branza natural Philadelphia,1,0,1,0,250,5.8,23.5,3.2,0.2
Crema branza Philadelphia Kraft,1,0,1,0,255,5.9,24,3.2,0
"Crema cu branza proaspata, iaurt fin si cirese Ehrmann",1,0,1,0,132,4,5.5,16.5,0
Crema cu unt si ardei Sole Gustoso,1,0,1,0,252,2.5,25,4.4,0
Crema de branza  cu ierburi si usturoi Philadelphi,1,0,1,0,133.3,13.3,3.3,6.6,0
"Crema de branza 0,2% Creamy Quark Exquisa",1,0,1,0,48,8,0.2,3.5,0
"Crema de branza 0,2% cu gust de vanilie Exquisa Quark Genuss",1,0,1,0,87,6.4,0.2,15,0
"Crema de branza 0,2% Exquisa Fitline Natur",1,0,1,0,61,11,0.2,3.9,0
"Crema de branza 0,2% Genuss Amarena Quark  Exquisa",1,0,1,0,89,6.4,0.2,15.5,0
"Crema de branza 0,2% Latte Machiato Quark Exquisa",1,0,1,0,89,6.4,0.2,15.5,0.7
"Crema de branza 0,2% piersici si maracuja Exquisa Quark",1,0,1,0,75,5.8,0.2,12.5,0
Crema de branza 10% cu ardei copti Philadelphia,1,0,1,0,143,7.1,9.8,5.8,0.6
Crema de branza 20% Ehrmann,1,0,1,0,86,9,3.7,4.1,0.1
Crema de branza A La Quiche Lorraine Exquisa,1,0,1,0,225,6,21,3,0
Crema de branza Alipende,1,0,1,0,276,6,26.5,3.5,0
Crema de branza Almette cu verdeata,1,0,1,0,266,6,26,2,0
Crema de branza Bonarea,1,0,1,0,220,6,20,4,0
Crema de branza camembert Auchan,1,0,1,0,218,13,18,1,0
Crema de branza Campus Frischkase,1,0,1,0,162,7,13.5,3,0
Crema de branza Campus Frischkase,1,0,1,0,175,7,14.5,3,0
Crema de branza Ceva Fin Delaco,1,0,1,0,164,7.3,13,4.4,0
Crema de branza clasica Hochland,1,0,1,0,207,6,19,3,0
Crema de branza cu ardei Rama Creme Bonjour,1,0,1,0,262,5.1,24.6,4.1,0
Crema de branza cu castraveti Hochland,1,0,1,0,207,6,19,3,0
Crema de branza cu ceapa verde Almette,1,0,1,0,192,9,16,3,0
Crema de branza cu ciocolata Milka Philadelphia Kraft,1,0,1,0,295,6.5,13.5,35.5,1.3
Crema de branza cu ciuperci funghi porcini Philadelphia,1,0,1,0,138,7.1,9.7,4.5,1.1
Crema de branza cu iaurt Almette,1,0,1,0,192,7,16,5,0
Crema de branza cu ierburi mediteraneene Exquisa,1,0,1,0,159,6.8,13,3.7,0
Crema de branza cu rosii si ulei de masline Hacendado,1,0,1,0,223,3.2,20.2,6.9,0
Crema de branza cu smantana,1,0,1,0,268,2.8,26.2,3.1,0
Crema de branza cu smantana Apetito,1,0,1,0,248,7.8,22.5,3.5,0
Crema de branza cu smantana Ceva fin Delaco,1,0,1,0,269,7.5,25,3.5,0
Crema de branza cu usturoi Ceva Fin Delaco,1,0,1,0,164,7.3,13,1.4,0
Crema de branza cu usturoi si verdeturi Fromage Frais,1,0,1,0,283,7,27,3,2
Crema de branza cu verdeata Ceva fin Delaco,1,0,1,0,264,7.4,24.5,3.5,0
Crema de branza cu verdeata Clever,1,0,1,0,191,10.5,15,3.5,0.7
Crema de branza cu verdeata Philadelphia Kraft,1,0,1,0,149,8,11,4,0.5
Crema de branza cu verdeturi Kaufland,1,0,1,0,248,1,23,3,0.5
Crema de branza Delaco,1,0,1,0,269,7.5,25,3.5,0
Crema de branza dietetica Frucht&Quark visine Exquisa,1,0,1,0,87,6,2.9,9.2,0
Crema de branza Exquisa Fiocchi di Latte,1,0,1,0,83,13,3,1,0.1
Crema de branza Exquisa Natur,1,0,1,0,50,8.3,0.2,3.8,0
Crema de branza Hacendado,1,0,1,0,127,11.3,6.7,5.2,0.2
Crema de branza hrean Almette,1,0,1,0,248,6,24,2,1
Crema de branza Labneh Almarai,1,0,1,0,196,7,15,7.9,0
Crema de branza light 5% Linessa,1,0,1,0,97,9.5,5,3.3,0
Crema de branza light Carreffour,1,0,1,0,99,11.4,3.5,5.4,0
Crema de branza light de pus pe paine Linessa,1,0,1,0,172,14.5,9,7,0
Crema de branza light Exquisa,1,0,1,0,156,6.7,13,3,0
Crema de branza Light feta si castraveti Philadelphia,1,0,1,0,151,8.4,11,4,0.1
"Crema de branza light medium fat 11,5% Philadelphia",1,0,1,0,156,8.3,11.5,4,0.3
Crema de branza moale light Soft Cheese 13% Exquisa,1,0,1,0,160,7,13,3,0
Crema de branza Original Philadelphia Kraft,1,0,1,0,245,5.8,23,3.2,0.2
Crema de branza Philadelphia Kraft Spania,1,0,1,0,275,4.9,25.5,5.2,0
Crema de branza Philadelphia Light,1,0,1,0,189,8,15.5,3.6,0.4
"Crema de branza proaspata 0,2% Ehrmann",1,0,1,0,57,9.8,0.2,4.1,0.1
"Crema de branza proaspata 3,7% Ehrmann",1,0,1,0,86,9,3.7,4.1,0.1
Crema de branza proaspata Abitella,1,0,1,0,281,7.5,26.4,3.4,0
Crema de branza proaspata classic Exquisa,1,0,1,0,247,6,23.5,2.8,0
Crema de branza proaspata cu fructe 12% Exquisa,1,0,1,0,114,6,2.9,16,2
Crema de branza proaspata cu gorgonzola Miree,1,0,1,0,241,6,23,2.5,0.6
Crema de branza proaspata cu iaurt Ehrmann,1,0,1,0,57,9.8,0.2,4.1,0.1
Crema de branza proaspata cu iaurt si verdeturi Campus,1,0,1,0,175,7,15,3,0
Crema de branza proaspata cu somon Miree,1,0,1,0,241,6,23,2.5,0
Crema de branza proaspata de vaca cu boia de ardei si chili Louis D'Or,1,0,1,0,231,5.8,22,2.4,0
Crema de branza proaspata de vaca cu verdeturi Louis D'or,1,0,1,0,241,6,23,2.5,0
Crema de branza proaspata Delhaize,1,0,1,0,99,5,4,10.2,0
Crema de branza proaspata diet Ehrmann,1,0,1,0,88,5.3,3.2,9.6,0
Crema de branza proaspata light cu verdeturi Exquisa,1,0,1,0,165,6.7,14,3,0
Crema de branza proaspata light Hacendado,1,0,1,0,46,8,0.1,3.5,0
"Crema de branza si smantana light 2,2% Ceva Fin Delaco",1,0,1,0,82,12.4,2.2,3,0
Crema de branza smantana Almette,1,0,1,0,270,6,26,3,0
Crema de branza Speisequark ,1,0,1,0,143,9,10,3.8,0
Crema de branza Tartina LaDorna,1,0,1,0,256,7,24,3,0
Crema de branza topita cu ardei rosu iute Hochland,1,0,1,0,316,9,28,7,0
Crema de branza verdeturi Cora,1,0,1,0,215,6.4,19.5,3.5,0
Crema de cascaval alb,1,0,1,0,252,13.4,20.6,1.4,0
Crema de cascaval Premio Unicarm,1,0,1,0,314,7,30,4,0
"Crema de smantana cu iaurt, branza proaspata, ardei si chili Lidl",1,0,1,0,210,5.5,4.2,19,0
Crema de unt cu cascaval marmorat Profi,1,0,1,0,384,3.2,39,5,0
"Desert cu branza de vaci 0,2% si fructe Fitline Exquisa",1,1,1,0,92,6.5,0.2,16,0
Desert pe baza de branza proaspata si piersci Ehrmann,1,0,1,0,118,4.5,4,16,0
Felii cascaval  Kaufland,1,0,1,0,177,33,5,0,0
Feta Delis Danish White Del Delaco,1,0,1,0,240,11,21,2.5,0
Gorgonzola,1,0,1,0,350,21,28,1.5,0
Granule de branza proaspata cu smantana 2% Tnuva Slim,1,0,1,0,69,11,2,1.8,0
"Iaurt 0,1%  Bucovina",1,0,1,0,35,3.2,0.1,4.5,0
"Iaurt 2,8% natural Bifidus Sanlacta",1,0,1,0,54,3.1,2.8,4.1,0
Iaurt Kurt Curtici,1,0,1,0,54,3.2,2.8,4,0
Margarina Rama Cremefine,1,0,1,0,85,3.5,5,6,0
Mascarpone Delhaize,1,0,1,0,376,4.5,39,4,0
"Miez de lapte natur 14,2% Delaco",1,0,1,0,186,11.3,14.2,3.2,0
Mini cascaval pane Delaco,1,1,1,0,277,12.6,15.8,20.7,0
Mozzarella,1,0,1,0,318,21.6,24.6,2.5,0
Mozzarella 20 mini Galbani,1,0,1,0,196,17.5,13.5,1,0
Mozzarella 365 Mega Image,1,0,1,0,322,23.9,24,0.4,0
Mozzarella 50% Tesco,1,0,1,0,175,20,10,0.7,0
Mozzarella Bocconcino Lafuente,1,0,1,0,215,19,15,1,0
Mozzarella Continente,1,0,1,0,228,20,16,1,0
Mozzarella Cora,1,0,1,0,235,18,18,0.2,0
Mozzarella cu masline Santa Lucia,1,0,1,0,208,15,16,1,0
Mozzarella din lapte de vaca Zanetti,1,0,1,0,296,20,24,0,0
Mozzarella Fresca Delaco,1,0,1,0,247,17.5,19,1.5,0
Mozzarella Galbani Santa Lucia,1,0,1,0,247,18,19,1,0
Mozzarella Goldsteig,1,0,1,0,245,18,18.5,1.5,0
Mozzarella Gourmet Delaco ,1,0,1,0,270,21,20,1.5,0
Mozzarella Granarolo,1,0,1,0,247,18,19,1,0
Mozzarella Gustoso Sole,1,0,1,0,249,23,17,1,0
Mozzarella La Capannina,1,0,1,0,251,19,19,1,0
Mozzarella light Galbani,1,0,1,0,155,17.5,9,1.5,0
Mozzarella light La Capannina,1,0,1,0,178,20.5,10,1.5,0
Mozzarella light Linessa,1,0,1,0,165,20.5,8.5,1.5,0
Mozzarella light Santa Lucia,1,0,1,0,163,20,9,0.4,0
Mozzarella Lovilio,1,0,1,0,333,25.5,25,1.5,0
Mozzarella Napolact,1,0,1,0,305,27,21,2,0
Mozzarella Paladin,1,0,1,0,265,19,20,1,0
Mozzarella Piccolo Milli,1,0,1,0,298,20,22,5,0
Mozzarella rasa Goldsteig,1,0,1,0,333,25.5,25,1.5,0
Mozzarella Santa Lucia mini,1,0,1,0,204,17.5,14.5,1,1
Mozzarella Unicarm,1,0,1,0,225,18,19,1,0
Parmezan,1,0,1,0,431,38.5,28.6,4.1,0
Parmezan Galbani,1,0,1,0,393,33,20,0,0
Parmezan Reggiano,1,0,1,0,392,33,28.4,0,0
Parmezan Zanetti,1,0,1,0,392,33,28,0,0
Perle de branza cu iaurt Exquisa,1,0,1,0,83,13,3,1,0
Perle de branza cu smantana 4% LaDorna,1,0,1,0,84,11,4,1,0
Perle de branza Pic Frisch,1,0,1,0,102,12.5,4.6,2.7,0
Ricotta Caseificio Pini,1,0,1,0,137,8.5,11,1,0
Rulou snack branza de capra President,1,0,1,0,261,16,21,2,0
Smantana 12% Lactag,,,,,141.2,3.8,12,4.5,0
Smantana 13% Aro,,,,,143,2.9,13,2.7,0
Smantana 18% Aldi R,,,,,197,2.8,18,5.2,0
Smantana dulce 15% LaDorna,,,,,160,2.5,15,3.8,0
Specialitate branza capra si vaca Akadia,1,0,1,0,220,11,18,2.5,0
Specialitate de branza Grana Padano Agriform,1,0,1,0,384,33,28,0,0
Specialitate de branza tartinabila din lapte pasteurizat Cora,1,0,1,0,211,7,3,3,0
"Stelute de branza 4,5% Lacteea",1,0,1,0,103,12.5,4.5,3,0
Stelute de branza Lacteea,1,0,1,0,83,12.7,2.2,3.1,0
Svaiter  Kasehof,1,0,1,0,386,39,30,0,0
Svaiter 45% Goldsteig,1,0,1,0,388,30.5,29.5,0.1,0
Svaiter Allgautaler Zott,1,0,1,0,369,28,28.5,0,0
Svaiter bio wiesen dahler Sobbeke,1,0,1,0,278,38,14,0.1,0
Svaiter light Allgautaler Zott,1,0,1,0,298,34,18,0,0
Telemea  45% Kaufland,1,0,1,0,268,19,21,0.7,0
Telemea de bivolita 365,1,0,1,0,219,16,22,2.3,0
Telemea de capra 365,1,0,1,0,203,14,14,1.5,0
Telemea de capra 47% Gusturi Romanesti,1,0,1,0,270,15,23,0.7,0
Telemea de capra Carrefour,1,0,1,0,216,19,15,1.3,0
Telemea de capra LaDorna,1,0,1,0,269,19,21,1,1
Telemea de capra Olympus,1,0,1,0,270,15,23,0.7,0
Telemea de oaie Gusturi Romanesti,1,0,1,0,276,16.5,23,0.7,0
Telemea de oaie Hochland,1,0,1,0,316,17.1,27,1.1,0
Telemea de oaie LaDorna,1,0,1,0,246.6,16,20,0.1,0
Telemea de oaie Mega Image,1,0,1,0,245,18,23,3.3,0
Telemea de oaie Olympus,1,0,1,0,276,16.5,23,0.7,0
Telemea de oaie si capra light Olympus,1,0,1,0,195,23,12,0.7,0
Telemea de vaca,1,0,1,0,273,19.4,20.4,0,0
Telemea de vaca 365,1,0,1,0,219,15,15,2,0
Telemea de vaca Albalact,1,0,1,0,231,16,19,0,0
Telemea de vaca Coliba Ciobanasului,1,0,1,0,235,16,19,0,0
Telemea de vaca cu gust domol Napolact,1,0,1,0,310,18,26,1,0
Telemea de vaca cu verdeturi Hochland,1,0,1,0,261,15,22,0.7,0
Telemea de vaca Delaco,1,0,1,0,250,17.8,19.4,1,0
Telemea de vaca Gruia,1,0,1,0,199,16,15,0,0
Telemea de vaca Gusturi Romanesti,1,0,1,0,270,15,23,0.7,0
Telemea de vaca Hochland,1,0,1,0,270,13,24,0.5,0
Telemea de vaca Interagro,1,0,1,0,250,16,20.2,1,0
Telemea de vaca LaDorna,1,0,1,0,260,19,20,1,0
Telemea de vaca light 14% Hochland,1,0,1,0,229,25,14,0.7,0
Telemea de vaca Light Hochland,1,0,1,0,197,25,10.5,0.7,0
Telemea de vaca maturata Harbach,1,0,1,0,280,15,23,1,0
Telemea de vaca Olympus,1,0,1,0,270,15,23,0.7,0
Telemea de vaca Premio Unicarm,1,0,1,0,226,17,17.2,1,0
Telemea de vaca Real,1,0,1,0,235,16,19,0,0
Telemea de vaca Romfulda,1,0,1,0,243,17,17.2,1,0
Telemea de vaca Sofra,1,0,1,0,306,15,27,0,0
Telemea Gazi ,1,0,1,0,256,18,20,1.5,0
Telemea maturata de capra Five Continents,1,0,1,0,245,18,16,0.5,0
Telemea maturata de oaie Five Continents,1,0,1,0,260,16,18,8,0
Telemea maturata de vaca Huedin,1,0,1,0,275,18,22,1,0
Telemea maturata de vaca si bivolita Huedin,1,0,1,0,294,18,24,1.5,0
Telemea maturata Ibanesti Mirdatod,1,0,1,0,198,16,14.5,0.8,0
Telemea proaspata de vaca Cora,1,0,1,0,198,16,14.5,0.8,0
Telemea vaca Blasova,1,0,1,0,270,15,24,23,0
Telemea vaca light Olympus,1,0,1,0,177,23,12,0.7,0
Telemea vaca Traian One,1,0,1,0,205,16.5,15,1,0
Telemea vaca Unilact,1,0,1,0,230,16,16,5,0
Telemea Winny,1,0,1,0,223,24,16.5,1.5,0
Tofu cu chimen Inedit,1,1,1,0,108,12.1,4.2,5.5,0
Urda,1,0,1,0,136,18,4,6,0
Urda cu smantana Olympus,1,0,1,0,152,12,10,3.5,0
Urda cu verdeturi Unicarm,1,0,1,0,67.5,7,3.5,2,0
Urda de oaie Bonas,1,0,1,0,72,3.5,0.2,14,0
Urda dulce de vaca framantata cu sare Premio Unicarm,1,0,1,0,108,7,8,2,0
Urda dulce Solomonescu,1,0,1,0,200,11.6,13.4,8,0
Urda taraneasca vid premio Unicarm,1,0,1,0,113,13,5,4,0
