Ayran,,,,,51.6,2.9,2.8,0,0
"Ayran 1,5% Big Panda",1,,1,0,27.5,1.5,1.5,2,0
"Ayran 2,2% Pilos",1,,1,0,34.2,1.5,2.2,2.1,0
Ayran Sarikiz,1,,1,0,18.5,1.5,0.5,2,0
Bautura din orez Alpro,1,,1,0,61,0.2,1.2,12.2,0
Branza 10% Cottage natur Spar,1,0,1,0,85,12.7,2.2,3,0.1
Branza Burgo De Arias,1,0,1,0,186,11.3,14.2,3.2,0
Branza Caciotta Kremina Inalpi,1,0,1,0,323,20,27,0,0
Branza crescenza,1,0,1,0,281,16.1,23.3,1.9,0
Branza de capra President,1,0,1,0,315,18,27,0,0
Branza de vaci 4% Gurmanika,1,0,1,0,108,16,4,2,0
"Branza dietetica 0,1% Metro Quality",1,0,1,0,69,17,0.1,2,0
Branza feta Yalos,1,0,1,0,258,16.5,21,0.7,0
Branza mascarpone Granarolo,1,0,1,0,395,3.2,41.5,2.2,0
Branza mascarpone Sainsbury's,1,0,1,0,412,3.6,42,4.9,0
Branza mozzarella Campana Metro,1,0,1,0,278,17,23,0.5,0
Branza mozzarella Fidel,1,0,1,0,240,17,18.5,1.3,0
Branza proaspata de vaca Monor,1,0,1,0,98.1,17.2,1.2,4,0
Branza proaspata K Classic,1,0,1,0,133,15.5,5,6.5,0
"Branza proaspata slaba 4,4% de vaca Clever",1,0,1,0,97,10.8,4.4,3.6,0
Branza ricotta 9% Sterilgarda,1,0,1,0,134,10,9,3.2,0
Branza topita Armonie JLC,1,0,1,0,196,20,12,2,0
Branza topita chedder K-Classic,1,0,1,0,283,14,23,0,0
Branza topita cu smantana Fine Food,1,0,1,0,277,8,25,5.8,0
Branzica dulce 4% Mic-vis JLC,1,0,1,0,172,17.6,4,16.4,0
Budinca cu gust de ciocolata cu 30% budinca cu gust de vanilie Paula Dr. Oetker,1,0,1,0,116,3.1,3.9,16.8,0.5
Budinca din lapte Milli Mia,1,0,1,0,113,3,19,2.7,0
Cascaval afumat Borcea,1,0,1,0,250,18,14,13,0
Cascaval afumat Bradet Gordon,1,0,1,0,316,26.5,22,0.6,0
Cascaval Galereux,1,0,1,0,327,26.5,25.5,0,0
Cascaval Galereux Lidl,1,0,1,0,327,26.5,25.5,0.7,0
Cascaval Hochland Light,1,0,1,0,236,18,18,0.5,0
Cascaval Morskam,1,0,1,0,334,25,26,0.1,0
Cascaval organic Tesco,1,0,1,0,420,25.4,34.9,0.1,0
Chefir 0% Lactonia,1,1,1,0,27.2,3,0,3.8,0
Chefir degresat 0% JLC,1,1,1,0,32,3,0,5,0
Ciocolata extra cocoa Milka,1,1,1,0,545,8.6,36,45.5,5.8
Crema branza creme fraiche de Normandie Vrai,1,1,1,0,363,2.1,38,3.1,0
Crema cu unt Sole clasic,1,1,1,0,252,2.5,25,3.2,0
Crema de iaurt,1,1,1,0,80,3.4,5,4.6,0
Crema de iaurt 3% Big Panda,1,1,1,0,57,3,3,4,0
Crema de iaurt 5% Brenac,1,1,1,0,90.2,6.4,5,4.9,0
Crema de iaurt Activia Danone,1,1,1,0,70,4.4,3.4,5.4,0
Crema de iaurt cu cafea Muller,1,1,1,0,116,4.4,4,14.8,0
Crema de iaurt cu Chantilly Muller,1,1,1,0,125,4.1,3.7,18.1,0
Crema de iaurt cu fructe Muller,1,1,1,0,111,3,3.6,16,0
Crema de iaurt Labneh,1,1,1,0,83,3,7,1,0
Crema de lapte,1,1,1,0,327,8.5,7,55.5,0
Crema iaurt Milli,1,1,1,0,83,3.1,6,4.1,0
Creme de branza fraiche Spar,1,1,1,0,308,2.3,32,2.3,0.2
Desert iaurt cu caise Paula Dr. Oetker,1,1,1,0,107,2.9,3.6,15.4,0.3
Desert orez cu lapte si cirese Muller,1,1,1,0,108,3,2.2,18.8,0
Fagaras usor 3% Covalact,1,1,1,0,86,12.2,3,2.5,0
Iaur cu kiwi bifidus Alipende,1,1,1,0,55,4.2,0.1,9.2,0.2
"Iaurt  0,1% cu cirese Linessa Lidl",1,1,1,0,79,3.9,0.1,13,0
"Iaurt  0,4% Vitalinea Pro Danone",1,1,1,0,67,7.8,0.4,7,0.7
"Iaurt  2,8% Covalact",1,1,1,0,55,3.4,2.8,4,0
Iaurt  3% Albalact,1,1,1,0,58,3.4,3,4.5,0
Iaurt  6% cu fructe de padure Monor,1,1,1,0,142,5,6,16,0
"Iaurt  zmeura 3,2% Bio Delhaize",1,1,1,0,99,3.7,3.2,12.9,0
Iaurt 0% Bifidus Prodlacta,1,1,1,0,42,4.4,0,6.2,0
Iaurt 0% cu cereale Tnuva,1,1,1,0,61,4.6,0.4,4.4,0.5
Iaurt 0% Danone Silhouette,1,1,1,0,40,4,0,7,0
Iaurt 0% Vdegresat Vio,1,1,1,0,32,4,0,3.9,0
"Iaurt 0,1 % Sim",1,1,1,0,32,3.7,0.1,4.1,0
"Iaurt 0,1%",1,1,1,0,32.9,3.4,0.1,4.6,0
"Iaurt 0,1% Auchan",1,1,1,0,31.7,3.2,0.1,4.5,0
"Iaurt 0,1% Bianco",1,1,1,0,70,5.6,0.1,10.8,0
"Iaurt 0,1% bifidus cu musli si fibre Delhaize",1,1,1,0,45,4.6,0.1,6.2,0.9
"Iaurt 0,1% capsuni Activia Danone",1,1,1,0,46,4.1,0.1,7.1,0
"Iaurt 0,1% cu ananas Activia Danone",1,1,1,0,47,4.1,0.1,7.4,0
"Iaurt 0,1% cu cereale Zuzu",1,1,1,0,76,3.7,0.3,15.3,0.7
"Iaurt 0,1% cu fructul pasiunii Danone",1,1,1,0,75.6,8.2,0.1,11.9,0.1
"Iaurt 0,1% cu piersici si maracuja light Campina",1,1,1,0,80,4,0.1,15.5,0
"Iaurt 0,1% cu prune bifidus Alipende",1,1,1,0,59,4.2,0.1,9.7,1
"Iaurt 0,1% Fit Vital Diet Ehrmann",1,1,1,0,49,3.5,0.1,8.5,1
"Iaurt 0,1% Milli",1,1,1,0,32,3.6,0.1,4,0
"Iaurt 0,1% Monor",1,1,1,0,32.5,3.2,0.1,4.6,0
"Iaurt 0,1% Muller Bianco",1,1,1,0,70,5.6,0.1,10.8,0
"Iaurt 0,1% Muller Light",1,1,1,0,51,4.2,0.1,7.8,0
"Iaurt 0,1% NutriDay Danone",1,1,1,0,31,3.6,0.1,3.9,0
"Iaurt 0,1% Pilos",1,1,1,0,34,3.6,0.1,4.6,0
"Iaurt 0,1% Ulcica Brenac",1,1,1,0,38,4.8,0.1,4.5,0
"Iaurt 0,1% visina racoricioasa Yoplait Tnuva",1,1,1,0,74,4.8,0.1,14.2,1.2
"Iaurt 0,1% Vitalinea Danone",1,1,1,0,38,4.1,0.1,4.4,0
"Iaurt 0,1% Vranlact",1,1,1,0,26,3.2,0.1,3,0
"Iaurt 0,1% zmeura Actimel Danone",1,1,1,0,29,2.7,0.1,3.7,0.5
"Iaurt 0,2% Ehrmann",1,1,1,0,57,9.8,0.2,4.1,0.1
"Iaurt 0,3% bifidus Dia",1,1,1,0,36,4.1,0.3,4.9,0
"Iaurt 0,4% Activia Natural Danone",1,1,1,0,41,4.1,0.4,4.5,0
"Iaurt 0,5% light Activia Danone",1,1,1,0,37,4.3,0.5,4.9,0
"Iaurt 0,8% cu rodie si zmeura Activia Danone",1,1,1,0,63,2.9,0.8,11,0.4
"Iaurt 0,8% de baut caise Activia Danone",1,1,1,0,68,2.9,0.8,12.6,0.8
Iaurt 0.1% Activia Mic Dejun extra cereale Danone,1,1,1,0,77,4.9,0.2,13.8,0
Iaurt 0.8% de baut cu fibre Activia Danone,1,1,1,0,61,2.9,0.8,10.8,1.3
Iaurt 1% Arla,1,1,1,0,50,5.5,1,3.5,1
Iaurt 1% Delisio,1,1,1,0,46,3.8,1,5.3,0
"Iaurt 1,1% cu visine Jogobella Zott",1,1,1,0,60,4,1.1,8.4,0
"Iaurt 1,3% cu mure si piersici Milbona",1,1,1,0,94,3.6,1.3,15.8,0.3
"Iaurt 1,4% Casa Buna Danone",1,1,1,0,71,2.7,1.4,12,0
"Iaurt 1,4% cu banane Crema di Frutta Muller",1,1,1,0,96,4.1,1.4,15.9,0
"Iaurt 1,5% Actimel Zmeura",1,1,1,0,74,2.9,1.5,11.5,0
"Iaurt 1,5% bio Irma",1,1,1,0,45,4,1.5,3.5,0
"Iaurt 1,5% cu musli si piersici Premio Unicarm",1,1,1,0,85,2.9,1.5,15,0
"Iaurt 1,5% Mariuca",1,1,1,0,47,3.8,1.5,4.6,0
"Iaurt 1,8% cu fibre Tnuva Slim Danone",1,1,1,0,48,3.7,1.8,3.5,1.5
"Iaurt 1,8% cu visine Monor",1,1,1,0,103,5,1.8,16,0
"Iaurt 1,8% cu visine Monor",1,1,1,0,103,5,1.8,16,0
"Iaurt 1,8% Gusturi Romanesti",1,1,1,0,45.9,3.1,1.8,4,0
Iaurt 10.9% grecesc Hacendado,1,1,1,0,123,4.1,10.9,2.1,0
Iaurt 2%  Nutriday Danone,1,1,1,0,47,3.5,2,3.7,0
Iaurt 2% Helvetica,1,1,1,0,51,3.7,2,4.6,0
Iaurt 2% Oke,1,1,1,0,47,3.3,2,4,0
Iaurt 2% Premio Unicarm,1,1,1,0,48,3.3,2,4.1,0
Iaurt 2% probiotic Dar,1,1,1,0,48.8,3.2,2,4,0
Iaurt 2% Vio,1,1,1,0,47,3.2,2,4,0
"Iaurt 2,2% clasic Galacta",1,1,1,0,47.8,3,2.2,4,0
"Iaurt 2,2% cu piersici Oikos Danone",1,1,1,0,100,5.4,2.2,14.7,0
"Iaurt 2,3% 4 cereale Nutriday Danone",1,1,1,0,92,3.2,2.3,14.5,0.3
"Iaurt 2,4% caise Nutriday Delicios Danone",1,1,1,0,86,3.2,2.4,13,0.1
"Iaurt 2,4% cu fructe de padure Sanlacta",1,1,1,0,78,3.2,2.4,11,0
"Iaurt 2,4% cu visine Nutriday Delicios Danone",1,1,1,0,86,3.2,2.4,13,0.1
"Iaurt 2,5% Aro",1,1,1,0,54,3.2,2.5,4.7,0
"Iaurt 2,5% Big Panda",1,1,1,0,52.8,3.5,2.5,4,0
"Iaurt 2,5% cu bucati mari de visine Milli",1,1,1,0,102,3,2,16,0
"Iaurt 2,5% cu caise Millie",1,1,1,0,102,3.9,2.5,16,0
"Iaurt 2,5% cu capsuni cu probiotice Milli",1,1,1,0,102,3.9,2.5,16,0
"Iaurt 2,5% cu mere coapte Jogobella",1,1,1,0,104,3.5,2.5,16.8,0
"Iaurt 2,5% Margareto",1,1,1,0,54,3.2,2.5,4.7,0
"Iaurt 2,5% Muuna",1,1,1,0,53,3.2,2.5,4,0
"Iaurt 2,5% Paco",1,1,1,0,54,3.2,2.5,4.7,0
"Iaurt 2,6% cu banane Zuzu Danone",1,1,1,0,89.8,3.4,2.6,13.9,0
"Iaurt 2,7% caise Activia Danone",1,1,1,0,94,3.4,2.7,14,0.2
"Iaurt 2,7% cirese Activia Danone",1,1,1,0,94,3.4,2.7,14,0.2
"Iaurt 2,7% cu piersici Activia Danone",1,1,1,0,94,3.4,2.7,14,0.2
"Iaurt 2,8% Brenac",1,1,1,0,59.6,3.6,2.8,5,0
"Iaurt 2,8% cu cereale integrale Activia Danone",1,1,1,0,90,3.6,2.8,13.3,0.2
"Iaurt 2,8% cu musli din cereale integrale Activia Danone",1,1,1,0,94,3.6,2.8,13.7,0.2
"Iaurt 2,8% Dar",1,1,1,0,54,3.2,2.8,4,0
"Iaurt 2,8% Delisio",1,1,1,0,56,3.2,2.8,3,0
"Iaurt 2,8% Friss",1,1,1,0,58,3.6,2.8,4.5,0
"Iaurt 2,8% germeni de grau Activia Danone",1,1,1,0,92,3.8,2.8,13,1.5
"Iaurt 2,8% Lacta",1,1,1,0,52,3.2,2.8,3.5,0
"Iaurt 2,8% Mandruta",1,1,1,0,55,3.4,2.8,4,0
"Iaurt 2,8% musli Activia Danone",1,1,1,0,92,3.8,2.8,13,1.5
"Iaurt 2,8% musli si capsuni Activia Danone",1,1,1,0,92,3.8,2.8,13,1.5
"Iaurt 2,8% musli si piersici Activia Danone",1,1,1,0,92,3.8,2.8,13,1.5
"Iaurt 2,8% Sim",1,1,1,0,54,3.2,2.8,4.1,0
"Iaurt 2,8% Vio",1,1,1,0,57,3.6,2.8,4,0
Iaurt 2.8% Natura,1,1,1,0,54,3.6,2.8,3.7,0
Iaurt 3% afine Sobbeke,1,1,1,0,94,3.5,3,13.8,0
Iaurt 3% Allelat,1,1,1,0,62,3.2,3,4.8,0
Iaurt 3% cu topping de fulgi de porumb Mic Dejun Activia Danone,1,1,1,0,113,4.5,3,17,0.9
Iaurt 3% Vian,1,1,1,0,60,3.2,3,4.8,0
Iaurt 3% visina racoricioasa Yoplait,1,1,1,0,102,4.4,3,14.4,0.2
"Iaurt 3,2% gustare de seara Activia Danone",1,1,1,0,70,3.2,2.1,9.5,0
"Iaurt 3,2% Muuna",1,1,1,0,65,3.2,3.2,4,0
"Iaurt 3,2% Naturlact",1,1,1,0,53,2.4,3.2,3.5,0
"Iaurt 3,4% natur Activia Danone",1,1,1,0,62,3.6,3.4,4.3,0
"Iaurt 3,5%  Hanul Boieresc Penny",1,1,1,0,66,3.4,3.5,4.5,0
"Iaurt 3,5% Bifidus Prodlacta",1,1,1,0,44,3.2,3.5,0,0
"Iaurt 3,5% din lapte de capra Agrofam",1,1,1,0,64.8,4.4,3.5,4,0
"Iaurt 3,5% extra cu omega 3 Milli",1,1,1,0,64,3.6,3.5,4,0
"Iaurt 3,5% life+ Omega 3 Milli",1,1,1,0,62,3.6,3.5,4,0
"Iaurt 3,5% Milli Life+ Probiotice",1,1,1,0,64,3.6,3.5,4.1,0
"Iaurt 3,5% Monor",1,1,1,0,62,3.2,3.5,4.5,0
"Iaurt 3,5% Muller",1,1,1,0,72,4.4,3.5,5.1,0
"Iaurt 3,5% Napolact Numa' Bun",1,1,1,0,62,3.6,3.5,4,0
"Iaurt 3,5% natur KClassic",1,1,1,0,60,3.2,3.5,4,0
"Iaurt 3,5% Naturmaelk",1,1,1,0,60,3.6,3.5,3.8,0
"Iaurt 3,6% mere si kiwi Pezzi di Frutta Muller",1,1,1,0,106,2.9,3.6,14.7,0
"Iaurt 3,6% piersica alba bunacioasa Tnuva Yoplait",1,1,1,0,103,4.3,3.6,13.3,0
"Iaurt 3,6% Yog-fit Mondelice",1,1,1,0,71,3.1,3.6,6.5,0
Iaurt 4 cereale NutriDay Danone,1,1,1,0,92,3.2,2.3,14.5,0.3
Iaurt 4% cu cereale Tnuva,1,1,1,0,101,4.2,4.7,10.5,0.8
Iaurt 4% Stracciatella Cremoso Danone,1,1,1,0,108,3,4,15,0
Iaurt 4% Ulcica Brenac,1,1,1,0,75.6,4.4,4,5.5,0
"Iaurt 4,1% Gusturi Romanesti",1,1,1,0,59,1.8,4.1,3.3,0
"Iaurt 4,1% NutriDay Natural Danone",1,1,1,0,65,3.2,4.1,3.9,0
"Iaurt 4,2% cu piersici 365",1,1,1,0,115,3.7,4.2,15.6,0
"Iaurt 4,2% cu piersici Cremoso Danone",1,1,1,0,108,3.5,4.2,14,0
"Iaurt 4,2% cu visine Cremoso Danone",1,1,1,0,106,3.5,4.2,13.5,0
"Iaurt 4,7% cocos Cremoso Danone",1,1,1,0,115,3.1,4.7,15,0.8
"Iaurt 4,8% Sarut de caramel Danone Cremosso",1,1,1,0,113,3.9,4.8,13.5,0
Iaurt 5% Covalact,1,1,1,0,81,4.2,5,4.8,0
Iaurt 5% Olympus,1,1,1,0,80,4.6,5,4.1,0
"Iaurt 5,2 % Cremoso natural Danone",1,1,1,0,81,4.6,5.2,4.1,0
"Iaurt 5,3% cu cereale glazurate cu ciocolata Yoplait Top",1,1,1,0,139,4.2,5.3,18.6,0.2
"Iaurt 5,4% Mic Dejun Activia Danone",1,1,1,0,209,8.5,5.4,31.5,0
Iaurt 8% El Greco Brenac,1,1,1,0,116.4,6.1,8,5,0
Iaurt Actimel Capsuni,1,1,1,0,74,2.9,1.5,11.5,0
Iaurt Actimel Fructe de Padure,1,1,1,0,72,3,1.6,10.5,0
Iaurt Actimel Multifruct,1,1,1,0,76,2.9,1.5,12,0
Iaurt Actimel Natur,1,1,1,0,72,3,1.6,10.5,0
Iaurt Activia musli si mere Activia Danone,1,1,1,0,95,3.4,3,15,1.5
Iaurt alb cremicios 4% Yoplait Tnuva,1,1,1,0,76,5.5,4,4.5,0
Iaurt banane si capsuni Actimel Danone,1,1,1,0,75,2.7,1.5,11.8,0
"Iaurt Bianco 4,5%  Muller",1,1,1,0,109,5.1,4.5,11.3,0
"Iaurt Bifidus 0,1% Natura",1,1,1,0,42,3.2,0.1,4.5,0
Iaurt bifidus Natura,1,1,1,0,45.2,3.2,3.5,3.5,0
"Iaurt Bifidus natural 0,1% Alipende",1,1,1,0,39,4.1,0.1,5.3,0
"Iaurt Bio 1,8% Lassi Andechser",1,1,1,0,60,4.7,1.8,6.2,0
"Iaurt bio 3,5% Biotrend",1,1,1,0,72,5,3.5,4.7,0
"Iaurt bio 3,8% Edeka",1,1,1,0,77,5,3.8,5.2,0
"Iaurt Bio 3,8% Jogurt Mild Andechser",1,1,1,0,77,5.1,3.8,5.6,0
"Iaurt bio natur 0,1%  Andecheser",1,1,1,0,53,6.3,0.1,6.6,0
Iaurt Bio vanilie 365,1,1,1,0,99,3.4,3.4,13.8,0
"Iaurt bio1,5% Sobbeke Fettarmer",1,1,1,0,59,5.6,1.5,5.7,0
Iaurt Boni 0.1%,1,1,1,0,30.5,3.4,0.1,3.8,0
Iaurt Boni 2.8%,1,1,1,0,60,3.2,2.8,4.5,0
Iaurt Brenac Vital 1%,1,1,1,0,54,5,1,6,0
Iaurt capsuna delicioasa Yoplait,1,1,1,0,113,4,3.6,16.2,0.2
"Iaurt capsuni 2,1% Danone Frutmania",1,1,1,0,81,2.7,2.1,13,0.2
"Iaurt capsuni 2,3% Delicios NutriDay Danone",1,1,1,0,84,3.3,2.3,12.5,0
Iaurt capsuni Cremoso Danone,1,1,1,0,106,3.5,4.2,13.5,0
Iaurt carnaval Tnuva Yoplait,1,1,1,0,103,4.5,3,14.4,0
Iaurt cereale Yoplait Tnuva,1,1,1,0,109,4.5,3.2,14.4,1.7
Iaurt chef de capsuni si banane Yoplait Tnuva,1,1,1,0,111,3.6,3,17.4,0
Iaurt choco Cringles Muller,1,1,1,0,149,4.5,4.9,21,0
"Iaurt cirese 3,2% Bodensee",1,1,1,0,112,3.8,3.2,17,0
Iaurt cirese Pezzi di Frutta Muller,1,1,1,0,108,3,3.6,15.1,0
"Iaurt Corner 3,8% Muller",1,1,1,0,106,4,3.8,13.2,0.4
Iaurt cozonac cu nuca Yoplait,1,1,1,0,127,4.8,4,18,0
Iaurt crema di frutta piersici 5% fructe Muller,1,1,1,0,96,4.1,1.4,16,0
"Iaurt cremos 3,5% Pilos",1,1,1,0,69,4,3.5,5.3,0
Iaurt cremos 6% Napolact,1,1,1,0,84,3.6,6,4,0
"Iaurt Cremoso 4,1% Danone",1,1,1,0,81,4.6,4.1,4.1,0
Iaurt crispy crunch Muller,1,1,1,0,144,4.1,4.1,22,0
"Iaurt cu afine 0,1% bio Andechser",1,1,1,0,79,4.4,0.1,14.9,0.7
Iaurt cu afine Muller Mix,1,1,1,0,109,3.9,3.5,14.8,0
Iaurt cu aloe vera Activia Danone,1,1,1,0,96,3.4,2.7,13.2,0.4
"Iaurt cu ananas 1,1% Jogobella Light Zott",1,1,1,0,60,4,1.1,8.4,0
Iaurt cu biscuiti Nutriday delicios Danone,1,1,1,0,88,3.3,2.2,13.8,0
Iaurt cu bucati de mure si zmeura Muller,1,1,1,0,105,3,3.6,14.5,0.7
Iaurt cu caise Danone Delicios,1,1,1,0,105,3.7,2.3,12.5,0
"Iaurt cu capsuni 1,5%  Fulga",1,1,1,0,70,3.2,1.5,11,0
"Iaurt cu capsuni 1,5% Milbona",1,1,1,0,89,3.9,1.5,14.4,0.3
"Iaurt cu capsuni 3,6% Pezzi Di Frutta Muller",1,1,1,0,111,2.9,3.6,16.1,0
Iaurt cu capsuni 365,1,1,1,0,106,3.8,17.1,2.7,0
Iaurt cu capsuni Oikos,1,1,1,0,91,5.4,2.2,12.4,0
Iaurt cu capsuni Zuzu,1,1,1,0,70,3.2,1.5,11,0
"Iaurt cu cereale 1,8 % Tnuva Slim",1,1,1,0,88,4.3,1.9,12.5,2
Iaurt cu cereale glazurate Choco Stars Muller Mix,1,1,1,0,147,4.1,4.9,20.8,0
Iaurt cu cereale glazurate cu ciocolata 6% Yoplait,1,1,1,0,144,5,6,3.7,0
Iaurt cu cereale mix Choco Flakes Muller,1,1,1,0,137,4.3,5,18,0
Iaurt cu cereale si goji Yogofiber Fru Fru,1,1,1,0,134.3,4.5,6.3,15.5,1.5
Iaurt cu cirese si cereale glazurate in ciocolata Choco Cringles Mix Muller,1,1,1,0,149,4.5,4.9,21,0
Iaurt cu cocos Activia Zi de Zi Danone,1,1,1,0,83,3.7,1.9,12.9,0
Iaurt cu cocos si migdale Cremoso Danone,1,1,1,0,117,3.9,5.6,12.8,0
Iaurt cu dulceata de cirese amare Napolact,1,1,1,0,114,3,2.5,20,0
Iaurt cu dulceata de nuci verzi Napolact,1,1,1,0,114,3,2.5,20,0
Iaurt cu dulceata de trandafiri Napolact,1,1,1,0,114,3,2.5,20,0
Iaurt cu fructe,1,1,1,0,74,3.5,2,10.3,0
"Iaurt cu fructe 0,1% Yoginos",1,1,1,0,88,2.8,0.1,18.9,0
"Iaurt cu fructe 0,1% Zottis",1,1,1,0,79,2.1,0.1,17.3,0
Iaurt cu fructe de padure  Fru Fru,1,1,1,0,140,4.5,8.1,15.4,1.8
Iaurt cu fructe de padure Zuzu,1,1,1,0,70,3.2,1.5,11,0
Iaurt cu fructe exotice 0.1% Milli,1,1,1,0,72,3.8,0.1,14,0
Iaurt cu gust de vanilie Activia,1,1,1,0,83,3.7,1.9,12.9,0
"Iaurt cu gust de zmeurica 1,4% Casa Buna Danone",1,1,1,0,77,2.8,1.4,12.3,0
"Iaurt cu kiwi 2,2% Froop Muller",1,1,1,0,106,3.9,2.2,16.9,0
Iaurt cu kiwi 5% Pezzi di Frutta Muller,1,1,1,0,106,2.9,3.6,14.7,0
Iaurt cu lapte de oaie 6% Covalact,1,1,1,0,88,4.4,6,4,0
Iaurt cu mure si zmeura Cremoso Danone,1,1,1,0,108,3.6,4.2,14,0
Iaurt cu nuca de cocos 5% Pezzi di Frutta Muller,1,1,1,0,120,3.1,5.7,13.4,0
Iaurt cu piersici Danone Frutmania,1,1,1,0,84,2.7,2.1,13.7,0.3
Iaurt cu piersici maracuia Muller Froop,1,1,1,0,115,3.7,3.1,17.2,0
"Iaurt cu piersici si caise 1,5% Fulga",1,1,1,0,62,3.2,1.5,9,0
Iaurt cu piersici si caise 5% Pezzi di Frutta Muller,1,1,1,0,104,3,3.6,14.1,0.7
Iaurt cu piersici si caise Zuzu,1,1,1,0,62,3.2,1.5,9,0
Iaurt cu preparat de cirese si banane Froop Muller,1,1,1,0,113,3.7,3.1,16.7,0
Iaurt cu pulpa de capsuni Campina,1,1,1,0,95,3.7,2.4,14.9,0
Iaurt cu pulpa de capsuni Oke,1,1,1,0,60,2.9,1,10,0
Iaurt cu rodii Froop Muller,1,1,1,0,100,3.9,2.2,15.5,0
Iaurt cu topping de fructe de padure Fruzu,1,1,1,0,103.3,2.5,3.7,15,0
Iaurt cu topping de zmeura Fruzu,1,1,1,0,106,2.5,3.6,15.7,0.1
Iaurt cu visine Zuzu,1,1,1,0,70,3.2,1.5,11,0
Iaurt cu zmeura Froop Muller,1,1,1,0,113,3.6,3,17.2,0
"Iaurt cu zmeura-lamaie 0,1% bio Andechser",1,1,1,0,71,3.6,0.1,13.9,1.2
Iaurt Danonino Danone,1,1,1,0,122,6.3,3.5,16.4,0
"Iaurt de baut 0,1% cu zmeura bio Andechser",1,1,1,0,60,2.7,0.1,12.1,0.2
"Iaurt de baut 0,1% cu zmeura cu Bifidus ActiRegularis Activia Danone",1,1,1,0,47,2.9,0,8.6,0.3
"Iaurt de baut 0,1% probiotic Coop",1,1,1,0,25,3.5,0.1,2,1.2
"Iaurt de baut 0,1% Zuzu",1,1,1,0,31,3.2,0.1,4.5,0
"Iaurt de baut 0,5% cu visine Margareto",1,1,1,0,61,1.5,0.5,12.6,0
"Iaurt de baut 0,7% cu capsuni Mizo Boci",1,1,1,0,68,2.5,0.7,13,0.6
"Iaurt de baut 0,7% Jogobella Zott",1,1,1,0,69,2.2,0.7,13.4,0
"Iaurt de baut 0,8 capsuni si kiwi Activia Danone",1,1,1,0,68,2.9,0.8,12.5,0.8
"Iaurt de baut 0,8 fructe de padure si cereale Activia Danone",1,1,1,0,66,2.9,0.8,11,0.9
"Iaurt de baut 0,8 piersici si cereale Activia Danone",1,1,1,0,62,3,0.8,10.6,0.9
Iaurt de baut 1 % Big Panda,1,1,1,0,37.8,3.2,1,4,0
Iaurt de baut 1% cu nectarine si guava Zuzu,1,1,1,0,77,3.2,1,13.5,0
Iaurt de baut 1% Tnuva Slim,1,1,1,0,40,3.7,1,3.2,1.5
"Iaurt de baut 1,2%  bio cu mure si afine Andechser",1,1,1,0,74,2.7,1.2,13,0
"Iaurt de baut 1,5% Covalact",1,1,1,0,42,3,1.5,4,0
"Iaurt de baut 1,8% NutriDay Danone",1,1,1,0,48,3.2,1.8,3.9,0
Iaurt de baut 2% Boni,1,1,1,0,56.8,3.2,2,4.5,0
Iaurt de baut 2% Pilos,1,1,1,0,48,3.2,2,4.5,0
Iaurt de baut 2% Tnuva,1,1,1,0,51,3.9,2,0,0
Iaurt de baut 2% Zuzu,1,1,1,0,48,3.2,2,4.5,0
"Iaurt de baut 2,2 % NutriDay Danone",1,1,1,0,46,3,2.2,3.6,0
"Iaurt de baut 2,3% Campina ",1,1,1,0,50,2.8,2.3,4.7,0
"Iaurt de baut 2,5% din lapte de capra Rupi",1,1,1,0,49,3.4,2.5,3.5,0
Iaurt de baut 4% de capra Covalact,1,1,1,0,64,3.4,4,3.6,0
Iaurt de baut banane si visine Jogobella Zott,1,1,1,0,69,2.2,0.7,13.4,1
Iaurt de baut bio mango Lassi Andechser,1,1,1,0,88,2.5,2.6,13.7,1.1
Iaurt de baut bio Pina Colada Lassi Andechser,1,1,1,0,86,2.5,2.6,13.1,1.1
Iaurt de baut capsuni si kiwi Activia Danone,1,1,1,0,68,2.9,0.8,12.5,0.8
Iaurt de baut cu capsuni Campina,1,1,1,0,66,2.8,1,11.6,0
Iaurt de baut cu capsuni Milli,1,1,1,0,101,3,2.8,16,0.8
Iaurt de baut cu capsuni Zuzu,1,1,1,0,77,3.2,1,15,0
"Iaurt de baut cu lapte de capra 2,7% Covalact",1,1,1,0,53,3.3,2.7,3.8,0
"Iaurt de baut cu piersici, lamaine, ceai verde Activia Danone",1,1,1,0,68,2.9,0.8,12.6,0.8
Iaurt de baut cu zmeura Zuzu,1,1,1,0,84,3.2,1,15,0
Iaurt de baut Dukat LaDorna,1,1,1,0,46,3.2,1.5,4.5,0
Iaurt de baut in tihna 2% Napolact,1,1,1,0,47,3.4,2,3.9,0
"Iaurt de baut mar si mango 0,1% PRO-X",1,1,1,0,72,3.2,0.1,13.9,0
Iaurt de baut Milli,1,1,1,0,62,3,3,4,0
Iaurt de baut Nutriday proteine Danone,1,1,1,0,42,3.2,1.7,3.6,0
"Iaurt de baut piersci, lamaie si ceai verde Activia",1,1,1,0,68,2.9,0.2,12.6,0.8
"Iaurt de baut piersici si maracuja 0,1 % PRO-X",1,1,1,0,75,3.2,0.1,14.9,0
"Iaurt de baut PRO-X breakfast drink capsuni 0,1 % grasime",1,1,1,0,83,3.2,0.9,15,1.5
Iaurt de baut visine vanilie Activia Danone,1,1,1,0,75,2.9,0.8,14.4,0.8
"Iaurt de baut Yop capsuni 1,3%  Yoplait",1,1,1,0,79,2.8,1.3,13.6,0
Iaurt de baut zmeura si lamaie Ehrmann,1,1,1,0,73,2.8,0.9,13.5,0
"Iaurt de capra 3,5%",1,1,1,0,57,3.1,3.5,3.5,0.2
"Iaurt de tara 2,2% cu caise alese Covalact",1,1,1,0,107,3.4,2.2,18.3,2.5
"Iaurt degresat 0,1% Sanlacta",1,1,1,0,34,3.8,0.1,4.6,0
Iaurt Delicios cu capsuni Danone,1,1,1,0,105,3.3,0,12.5,0
Iaurt dietetic 0% de la munte Prodlacta,1,1,1,0,29,3.5,0.1,3.8,0
Iaurt dietetic 0% Prodlacta,1,1,1,0,14,3.4,0.1,0,0
"Iaurt dietetic 0,1% Albalact",1,1,1,0,31,3.2,0.1,4.5,0
"Iaurt dietetic 0,1% Almsana",1,1,1,0,30,3.8,0.1,4.1,0
"Iaurt dietetic 0,1% Big Panda",1,1,1,0,29,3,0,4,0
"Iaurt dietetic 0,1% grasime Covalact",1,1,1,0,30,3.6,0.1,3.6,0
"Iaurt dietetic 0,1% Lacteea",1,1,1,0,32,3.3,0.1,4.5,0
"Iaurt dietetic 0,1% Marca 1",1,1,1,0,28,3.2,0.1,4.5,0
"Iaurt dietetic 0,1% Natura",1,1,1,0,28.4,3.2,0.1,4.5,0
"Iaurt dietetic 0,1% Raraul",1,1,1,0,36,3.5,0.1,5.2,0
"Iaurt din lapte de capra light 2,8% CapriLact",1,1,1,0,55,3.5,2.8,4,0
"Iaurt eco 3,5% Aldi R",1,1,1,0,72,5,3.5,4.7,0
Iaurt extra 3% Big Panda,1,1,1,0,55,3,3,4,0
Iaurt extra Zuzu 4%,1,1,1,0,66,3.2,4,4.5,0
"Iaurt fin 1,8% Paco",1,1,1,0,47,3.2,1.8,4.5,0
"Iaurt fructe de padure 1,5% Yoplait Family",1,1,1,0,92,2.8,1.5,16.8,0
Iaurt Frutisima,1,1,1,0,84,2.8,1.9,14,0
Iaurt Frutmania visine Danone,1,1,1,0,105,3.4,2.6,16.9,0
Iaurt Fulga 3%,1,1,1,0,57.7,3.2,3,4.5,0
"Iaurt gras 2,8% Carrefour",1,1,1,0,56,3.2,2.8,4.5,0
Iaurt grecesc 0% Olympus,1,1,1,0,50,8.5,0,4,0
Iaurt grecesc 0% Total,1,1,1,0,52,9,0,4,0
"Iaurt grecesc 1,6% cu rodie si zmeura Olympus",1,1,1,0,93,5.7,1.6,13.9,0.2
Iaurt grecesc 10% Continente,1,1,1,0,124,4.1,10,4.3,0
Iaurt grecesc 10% Olympus,1,1,1,0,124,5,10,3.5,0
Iaurt grecesc 10% Pilos,1,1,1,0,123.2,3.7,10,4.6,0
Iaurt grecesc 10% Sevis,1,1,1,0,121.3,4.3,10,3.5,0
Iaurt grecesc 10% Vio,1,1,1,0,117,3.2,10,3.5,0
"Iaurt grecesc 10,5% Eridanous",1,1,1,0,126,5,10.5,2.8,0
Iaurt grecesc 2% Olympus,1,1,1,0,61,7,2,3.8,0
Iaurt grecesc 5% Total,1,1,1,0,96,9,5,3.8,0
"Iaurt grecesc 9,2% Grisk Jogurt",1,1,1,0,127,7.8,9.2,3.3,0
"Iaurt grecesc 9,71% Bonas",1,1,1,0,115.1,3.7,9.7,3.3,0
Iaurt grecesc Alipende,1,1,1,0,120,3.3,10,4.1,0
Iaurt grecesc cu coacaze Olympus,1,1,1,0,116,7.1,2.1,17.4,0.4
Iaurt grecesc Danone,1,1,1,0,123,3.9,10,3.7,0
Iaurt grecesc Milbona,1,1,1,0,122,4.8,10,3.2,1.3
Iaurt Interagro,1,1,1,0,55.6,3.2,3.2,3.5,0
Iaurt ispita fructelor cu visine Milli,1,1,1,0,93,3.8,2.4,14,0
"Iaurt light 0,1% Galacta",1,1,1,0,30,3.2,0.1,4,0
"Iaurt light 0,1% Premio Unicarm",1,1,1,0,31.7,3.6,0.1,4.1,0
Iaurt mango pofticios Yoplait Tnuva,1,1,1,0,108,3.9,3.6,17,0
Iaurt mar copt cu scortisoara Yoplait,1,1,1,0,107,4.2,3.6,14.4,0
Iaurt mure si zmeura mix Muller,1,1,1,0,114,4,8.6,15.6,2
Iaurt musli si piersici Activia Danone,1,1,1,0,92,3.6,2.8,14,1.8
Iaurt Napolact Numai Bun,1,1,1,0,58,3.1,3.5,3.6,0
"Iaurt natur 0,1% bio Andechser",1,1,1,0,47,5.5,0.1,5.9,0
"Iaurt natur 0,9% de baut Activia Danone",1,1,1,0,35,3.1,0.9,3.6,0
"Iaurt natur 1,4% Sole",1,1,1,0,45,3.4,1.4,4.8,0
"Iaurt natur 2,5% Pilos",1,1,1,0,50.5,3,2.5,4,0
"Iaurt natur 2,6% Joya",1,1,1,0,57.6,4.5,2.6,3.7,2.9
"Iaurt natur 3,5% Pilos",1,1,1,0,64,3.6,3.5,4.6,0
Iaurt natural 0% Olympus,1,1,1,0,30,3.6,0,3.9,0
"Iaurt natural 0,1% cu indulcitor Bifidus Dia",1,1,1,0,36,4,0.1,4.9,0
"Iaurt natural 1,5% LaDorna",1,1,1,0,46,3.2,1.5,4.9,0
"Iaurt natural 1,9% Carrefour",1,1,1,0,51,3.6,1.9,4.8,0
Iaurt natural 10% Griego,1,1,1,0,122,3.6,10,3.9,0
Iaurt natural 2% Oly Olympus,1,1,1,0,48,3.5,2,3.9,0
"Iaurt natural 2,8 % Profi",1,1,1,0,57,3.2,2.8,4,0
"Iaurt natural 2,8%  Profi",1,1,1,0,54,3.2,2.8,4.1,0
"Iaurt natural 2,8% Campina",1,1,1,0,60,3.7,2.8,5.4,0
"Iaurt natural 2,8% Oikos Danone",1,1,1,0,67,7,1.8,3.5,0
"Iaurt natural 2,9% Auchan",1,1,1,0,56,3.5,2.9,4,0
"Iaurt natural 3,5% Yomo",1,1,1,0,68,3.5,3.5,4,0
"Iaurt natural 3,6% Bonas",1,1,1,0,60,3.9,3.6,3,0
"Iaurt natural 3,7% Onken",1,1,1,0,72,3.9,3.7,5.6,0.1
Iaurt natural 4% Olympus,1,1,1,0,64,3.2,4,3.9,0
"Iaurt natural 4,1%  SIM",1,1,1,0,54,3.2,4.1,2.8,0
"Iaurt natural 4,2% Yeo Valley",1,1,1,0,82,4.5,4.2,6.6,0
"Iaurt natural 7,3% de capra St Helen's",1,1,1,0,105,5.5,7.3,4.3,0
Iaurt natural Bio 0% Olympus,1,1,1,0,42,6,0,4.5,0
Iaurt natural Bio 3.5% Olympus,1,1,1,0,70,5,3.5,4.5,0
Iaurt natural Lactag,1,1,1,0,55.6,3.6,2.8,4,0
Iaurt natural soia Savia Danone,1,1,1,0,75,2.8,1.7,11.5,0.6
Iaurt natural Zuzu 3%,1,1,1,0,57,3.2,3,4.5,0
Iaurt naturl 2% Clever,1,1,1,0,49.6,3.2,2,4.8,0
"Iaurt Nutriday 1,4 % usor Danone",1,1,1,0,39,3,1.4,3.6,0
Iaurt Nutriday Delicios proteine Danone,1,1,1,0,86,3.2,2.4,13,0.1
Iaurt oaie si bivolita Cedra Napolact,1,1,1,0,94,3.7,7,4.1,0
"Iaurt organic 0,1% Yeo Valley",1,1,1,0,58,5.9,0.1,8.4,0
Iaurt pepene verde Yoplait Tnuva,1,1,1,0,108,4.2,3.6,3.6,0
Iaurt piersici si amaretto Activia Danone,1,1,1,0,106,3.6,3.3,14.6,0.2
Iaurt placinta cu mere Danone Cremoso,1,1,1,0,117,4,4.5,15,0.2
Iaurt portocale Froop Muller,1,1,1,0,112,3.6,3,16.8,0
Iaurt probiotic 2% Olympus,1,1,1,0,56,5.2,2,4.2,0
"Iaurt probiotic 3,5% Comlact",1,1,1,0,58,3.1,3.5,3.6,0
Iaurt Royal 4% Brenac,1,1,1,0,65,3.9,4,4.5,0
"Iaurt simplu 1,5% din belsug Tnuva",1,1,1,0,47,3.8,1.5,4.6,0
Iaurt Simplu 2% Tnuva,1,1,1,0,51,3.7,2,4.6,0
"Iaurt simplu 2,8% Casa Buna Danone",1,1,1,0,52,3.2,2.8,3.4,0
Iaurt strugure alb dulcios Yoplait,1,1,1,0,101,3.5,3,15,0.2
Iaurt tiramisu Cremoso Danone,1,1,1,0,111,4,4.6,13.6,0
Iaurt Tnuva,1,1,1,0,67,3.2,4,4.6,0
"Iaurt usor 1,5% Fulga",1,1,1,0,44,3.2,1.5,4.5,0
"Iaurt usor 1,8% NutriDay Danone",1,1,1,0,43,3.2,1.8,3.5,0
"Iaurt usor ecologic 0,1% Bioland",1,1,1,0,47,5.5,0.1,5.9,0
"Iaurt usor ecologic 1,8% Bioland",1,1,1,0,49,4.8,1.8,5.9,0
"Iaurt usurel 0,1% Napolact",1,1,1,0,28,3.2,0.1,3.6,0
Iaurt visine 1% Bunicel Unicarm,1,1,1,0,68,2.7,1,12,0
Iaurt visine Danone Nutriday Delicios,1,1,1,0,82,2.9,1.8,13.3,0.1
Iaurt Yoplait mandarine,1,1,1,0,105,4.3,3.6,13.9,0
Iaurt zdravan 6% Napolact,1,1,1,0,80,3.1,6,3.6,0
"Iaurt Zuzu 0,1%",1,1,1,0,31,3.4,0.1,4.5,0
Iaurtul meu fin  0% Tnuva,1,1,1,0,35,3.8,0.1,4.8,0
"Iaurtul meu fin Tnuva 0,1%",1,1,1,0,35,3.8,0.1,4.8,0
Iaurtul meu fin Tnuva 4%,1,1,1,0,67,3.5,4,4.6,0
"Iaurtul usor 0,1% Lactag",1,1,1,0,30.5,3.4,0.1,4,0
Ice coffee,1,1,1,0,82,3.5,1.5,13,0
Kefir (slab),1,1,1,0,34,3.4,0.1,4.6,0
Kefir 1% Alba,1,1,1,0,36.2,3,1,3.8,0
Kefir 1% JLC,1,1,1,0,41,3,1,5,0
"Kefir 2,5% Big Panda",1,1,1,0,51,3,2,4,0
"Kefir 2,5% Boni",1,1,1,0,61,3.2,2.5,4,0
"Kefir 2,5% JLC",1,1,1,0,50.5,2.8,2.5,4.2,0
"Kefir 2,8%  Lacteea",1,1,1,0,59,3.2,2.8,4.5,0
"Kefir 3,3% Bueno",1,1,1,0,59.3,3.4,3.3,4,0.3
"Kefir 3,3% Paco",1,1,1,0,61.3,3.2,3.3,4.7,0
"Kefir 3,5% Napolact",1,1,1,0,62,3.5,3.5,4,0
"Kefir 3,6% Paulact",1,1,1,0,61,3.2,3.6,4,0
Kefir 3.5% Unicarm,1,1,1,0,58,3.1,3.5,3.6,0
Kefir bio Andechser,1,1,1,0,44,3.4,1.5,4.1,0
Kefir caucazian Clever,1,1,1,0,52,3.2,2.7,3.8,0
Kefir caucazian Milli,1,1,1,0,58,3.3,3,4,0
Kefir Covalact,1,1,1,0,55,3.2,3.3,3,0
"Kefir cremos 1,5% Pilos",1,1,1,0,46,3.3,1.5,4.7,0
"Kefir de capra 3,5% LaColline",1,1,1,0,61,3.5,3.6,3.7,0
"Kefir light 0,1% Paco",1,1,1,0,33.3,3.2,0.1,4.7,0.9
Kefir Monor,1,1,1,0,57,3.3,3,4.2,0
Kefir Sim,1,1,1,0,61,3.2,3.6,4,0
Kefir Zott,1,1,1,0,45,3.2,1.4,4.8,0
Kefir Zuzu,1,1,1,0,58,3.4,3,4.5,0
"Lapte 0,1% Big Panda",1,1,1,0,29.7,3.2,0.1,4,0
"Lapte 0,1% degresat Zuzu",1,1,1,0,31,3.2,0,4.5,0
"Lapte 0,1% Dorna",1,1,1,0,32,3.3,0.1,4.5,0
"Lapte 0,1% Napolact",1,1,1,0,32,3.2,0.1,4.5,0
"Lapte 0,1% Oke",1,1,1,0,30,3,0.1,4.5,0
"Lapte 0,1% Premium Unicarm",1,1,1,0,31,3.2,0.1,4.5,0
"Lapte 0,1% UHT 365 Delhaize",1,1,1,0,33,3.3,0.1,4.8,0
"Lapte 0,2% Asturiana",1,1,1,0,34,3.2,0.2,4.7,0
"Lapte 0,3% cu cacao Ole Ole Brenac",1,1,1,0,64.3,3.4,0.3,12,0
"Lapte 0,3% grasime Pascual",1,1,1,0,35,3.1,0.3,5,0
"Lapte 0,5% Ollingegaard eco",1,1,1,0,41,4,0.5,4.8,0
"Lapte 0,5% UHT Milli",1,1,1,0,35,3.3,0.5,4.5,0
"Lapte 1,3% cu fibre Asturiana",1,1,1,0,49,2.8,1.3,4.6,4
"Lapte 1,4% cu cacao Monor",1,1,1,0,73,3.1,1.4,11.2,0.3
"Lapte 1,4% cu gust de banane Muller",1,1,1,0,76,3.4,1.4,12.5,0.1
"Lapte 1,4% cu gust de vanilie Muller",1,1,1,0,79,3.5,1.4,13.2,0
"Lapte 1,5% Aro",1,1,1,0,44,3,1.5,4.7,0
"Lapte 1,5% Big Panda",1,1,1,0,46,3.3,1.5,4.7,0
"Lapte 1,5% bio Naturmaelk",1,1,1,0,50,3.6,1.5,4.9,0
"Lapte 1,5% Boni",1,1,1,0,44,3,1.5,4.7,0
"Lapte 1,5% Buna Dimineata",1,1,1,0,44,3.2,1.5,4.5,0
"Lapte 1,5% Carm Olimp",1,1,1,0,44,3.2,1.5,4.5,0
"Lapte 1,5% Casa Buna Danone",1,1,1,0,43,3.2,1.5,4.2,0
"Lapte 1,5% Clever Billa",1,1,1,0,44,3,1.5,4.7,0
"Lapte 1,5% cu Omega3 Milli",1,1,1,0,43,3,1.5,4.5,0.1
"Lapte 1,5% eco Naturmaelk",1,1,1,0,45,3.5,1.5,4.9,0
"Lapte 1,5% grasime Real",1,1,1,0,47,3.4,1.5,4.9,0
"Lapte 1,5% JLC",1,1,1,0,44,2.8,1.5,4.8,0
"Lapte 1,5% La Dorna",1,1,1,0,44,3.2,1.5,4.5,0
"Lapte 1,5% Madeta",1,1,1,0,45,3.2,1.5,4.8,0
"Lapte 1,5% Meggle",1,1,1,0,45,3.3,1.5,4.8,0
"Lapte 1,5% Milli",1,1,1,0,43,3,1.5,4.5,0
"Lapte 1,5% Mizo Bio Farm",1,1,1,0,44,3,1.5,4.7,0
"lapte 1,5% Monor",1,1,1,0,43,3.2,1.5,4.2,0
"Lapte 1,5% Natura",1,1,1,0,47,3.2,1.5,4.5,0
"Lapte 1,5% Oke",1,1,1,0,43,3,1.5,4.5,0
"Lapte 1,5% Oly Olympus",1,1,1,0,45,3.1,1.5,4.7,0
"Lapte 1,5% Pilos",1,1,1,0,44,3.2,1.5,4.5,0
"Lapte 1,5% Poiana Florilor",1,1,1,0,44.3,3.2,1.5,4.5,0
"Lapte 1,5% Premio Unicarm",1,1,1,0,44,3.1,1.5,4.5,0
"Lapte 1,5% Prodlacta",1,1,1,0,44,3.2,1.5,4.5,0
"Lapte 1,5% Raraul",1,1,1,0,44.3,3.2,1.5,0,0
"Lapte 1,5% Sapte Munti",1,1,1,0,43,2.9,1.5,4.5,0
"Lapte 1,5% Tnuva",1,1,1,0,44,3.3,1.5,4.4,0
"Lapte 1,5% UHT Pilos",1,1,1,0,45,3.3,1.5,4.8,0
"Lapte 1,5% Viam",1,1,1,0,44,3,1.5,4.7,0
"Lapte 1,55 % Asturiana",1,1,1,0,45,3.1,1.6,4.7,0
"Lapte 1,6% fara lactoza Kaiku",1,1,1,0,38,3.1,1.6,2.9,0
"Lapte 1,8 %Dodo",1,1,1,0,49,3.2,1.8,4.8,0
"Lapte 1,8% Bonas",1,1,1,0,48,3.2,1.8,4.8,0
"Lapte 1,8% Carm Olimp",1,1,1,0,47,3.2,1.8,4.5,0.2
"Lapte 1,8% Panda",1,1,1,0,45,3.2,1.8,4,0
Lapte 1.5% Kaufland,1,1,1,0,44,3,2,5,0
Lapte 2% Pilos,1,1,1,0,50,3.2,2,4.8,0
Lapte 2% Quebon,1,1,1,0,52,3.6,2,4.8,0
Lapte 2% Trans Gigel,1,1,1,0,47,3.1,2,4.6,0
"Lapte 2,2% Omega 3 Puleva",1,1,1,0,55,3.5,2.2,5.2,0
"Lapte 2,5% JLC",1,1,1,0,52,2.8,2.5,4.7,0
"Lapte 2,8% + 6 vitamine LaDorna",1,1,1,0,56,3.2,2.8,4.5,0
"Lapte 3,2% Alba",1,1,1,0,58,2.8,3.2,4.7,0
"Lapte 3,5 % Prado Verde",1,1,1,0,65,3.4,3.5,5,0
"Lapte 3,5% Alipende",1,1,1,0,61,2.9,3.5,4.4,0
"Lapte 3,5% Boni",1,1,1,0,62,3,3.5,4.7,0
"Lapte 3,5% Brenac",1,1,1,0,63.1,3.2,3.5,4.7,0
"Lapte 3,5% Cedra Napolact",1,1,1,0,62,3.2,3.5,3.5,0
"Lapte 3,5% Clever Billa",1,1,1,0,62,3,3.5,4.7,0
"Lapte 3,5% grasime Real",1,1,1,0,64,3.3,3.5,4.8,0
"Lapte 3,5% Grifo",1,1,1,0,64,3.1,3.5,5.1,0
"Lapte 3,5% JLC",1,1,1,0,61,2.8,3.5,4.7,0
"Lapte 3,5% Milli",1,1,1,0,60,3,3.5,4.5,0
"Lapte 3,5% Monor",1,1,1,0,61,3.2,3.5,4.2,0
"Lapte 3,5% Natura",1,1,1,0,62,3.2,3.5,4.5,0
"Lapte 3,5% Oly Olympus",1,1,1,0,63,3.1,3.5,4.7,0
"Lapte 3,5% Pilos",1,1,1,0,63,3.5,3.5,4.9,0
"Lapte 3,5% Premio Unicarm",1,1,1,0,62,3.2,3.5,4.5,0
"Lapte 3,5% Prodlacta",1,1,1,0,62,3.1,3.5,4.5,0
"Lapte 3,5% Raraul",1,1,1,0,62,3.2,3.5,4.5,0
"Lapte 3,5% UHT Everyday",1,1,1,0,64,3.3,3.5,4.8,0
"Lapte 3,5% UHT Milblu",1,1,1,0,62,3,3.5,4.6,0
"Lapte 3,5% UHT Muller",1,1,1,0,64,3.5,3.5,4.7,0
"Lapte 3,6 % Ram",1,1,1,0,64,3.1,3.6,4.7,0
"Lapte 3,6% Asturiana",1,1,1,0,63,3.1,3.6,4.6,0
"Lapte 3,6% Intero Coop",1,1,1,0,65,3.2,3.6,5,0
Lapte batut,1,1,1,0,66,3.4,3.6,4.6,0
Lapte batut  2% Vio,1,1,1,0,47,3.2,2,4,0
"Lapte batut 0,1%  Paco Fit",1,1,1,0,33.3,3.2,0.1,4.7,0.9
Lapte batut 1% Muller,1,1,1,0,38,3.4,0.6,4.2,0
"Lapte batut 1,6% Brenac",1,1,1,0,46.8,3.4,1.6,4.7,2
"Lapte batut 1,8% Romfulda",1,1,1,0,68,3.2,1.8,3.6,0
Lapte batut 2 %  No. 1 Carrefour,1,1,1,0,49,3.2,2,4.7,0
Lapte batut 2 % natural Almsana,1,1,1,0,48,3,2,4.2,0
Lapte batut 2% Covalact,1,1,1,0,45,3.2,2,3.6,0
Lapte batut 2% Danone,1,1,1,0,49,3.6,2,4.1,0
Lapte batut 2% EcoFarm Mandruta,1,1,1,0,47,3,2,4,0
Lapte batut 2% Lacteea,1,1,1,0,48,3.2,2,4.3,0
Lapte batut 2% Monor,1,1,1,0,50.6,3.2,2,4.2,0
Lapte batut 2% Napolact,1,1,1,0,48,3.5,2,4,0
Lapte batut 2% Paco,1,1,1,0,49.6,3.2,2,4.7,0
Lapte batut 2% Sanlacta,1,1,1,0,54,3.7,2,4,0
Lapte batut 2% Sim ,1,1,1,0,64,3.2,2,4,0
Lapte Batut 2% Unicarm,1,1,1,0,47,3.1,2,4.1,0
"Lapte batut 2,8% Dorolact",1,1,1,0,65,3,2.8,4,0
Lapte batut Big Panda,1,1,1,0,46.8,3.2,2,4,0
Lapte batut Bucovina,1,1,1,0,50,3.2,2,4.5,0
Lapte batut Casa Buna Danone,1,1,1,0,43,3.2,1.8,3.5,0
Lapte batut InterAgro,1,1,1,0,40.2,3.2,1.8,2.8,0
Lapte batut light Big Panda,1,1,1,0,29.7,3.2,0.1,4,0
"Lapte batut Mandra 1,8%",1,1,1,0,38,3.5,1.8,3.5,0
Lapte batut Milli,1,1,1,0,49,3.6,2,4.1,0
Lapte batut Natura,1,1,1,0,48,2,2,4.2,0
Lapte batut Tnuva,1,1,1,0,50,3.7,2,4.4,0
Lapte batut Zuzu,1,1,1,0,48,3.2,2,4.5,0
"Lapte bio 1,5% fara lactoza SÃ¶bbeke",1,1,1,0,46,3.3,1.5,4.9,0
"Lapte bio 1,5% Mega Image",1,1,1,0,45,3.2,1.5,4.8,0
"Lapte bio 1,5% Schwarzwaldmilch",1,1,1,0,46,3.4,1.5,4.8,0
Lapte cafea Arla,1,1,1,0,60,3.8,2.6,5,0
Lapte cafea Irish Cream Milram,1,1,1,0,182,2.5,10,20.6,0
Lapte cafea Naturmaelk eco.,1,1,1,0,45,4,1.5,4.5,0
"Lapte Cedra Napolact 1,5%",1,1,1,0,44,3.2,1.5,4.5,0
Lapte concentrat Auchan,1,1,1,0,331,7.6,9,55,0
lapte concentrat fara zahar Cora,1,1,1,0,132,6.1,7.5,10.1,0
Lapte condensat 10% Delaco,1,1,1,0,118,3.1,10,4,0
Lapte condensat 10% pentru cafea Meggle,1,1,1,0,140,3,10,4.1,0
Lapte condensat 9% Vian,1,1,1,0,331,8.6,9,53.8,0
Lapte condensat Pilos,1,1,1,0,132,6,7.5,10,0
"Lapte consum 1,5% 365",1,1,1,0,44,3.2,1.5,4.5,0
"Lapte covasit 3,3% Covalact",1,1,1,0,53,3.2,3.3,2.7,0
Lapte cu aroma de ciocolata Muller,1,1,1,0,76,3.5,1.6,12,0.3
Lapte cu aroma de fistic si cocos Muller,1,1,1,0,76,3.3,1.4,12.5,0
Lapte cu cacao,1,1,1,0,66,3.5,0.5,11.4,0
Lapte cu cacao si gust de ciocolata,1,1,1,0,66.3,3.2,1.5,10,0
"Lapte cu cacao si gust de ciocolata 1,5% Zuzu",1,1,1,0,66,3.4,1.5,10,0
Lapte cu cacao Tnuva,1,1,1,0,91,3.2,3.6,11.5,0
Lapte cu suc de fructe si biscuiti Fulga,1,1,1,0,75,3.2,1,13.5,0
Lapte cu suc de portocale si ananas Fulga,1,1,1,0,27,0.7,0.1,6,0
Lapte cu suc multi-fruct Fulga,1,1,1,0,27,0.7,0.1,6,0
"Lapte de baut 3,2% UHT Winny",1,1,1,0,54,1.6,3.2,4.7,0
Lapte de bivolita,1,1,1,0,116,5.8,8.5,5.2,0
Lapte de capra,1,1,1,0,70,3.6,3.9,4.7,0
Lapte de capra batut Covalact,1,1,1,0,47,3.4,2,3.8,0
Lapte de capra bio Bioland,1,1,1,0,61,3.1,3.4,4.4,0
"Lapte de consum 1,5% Galacta",1,1,1,0,47,3.2,1.5,4.8,0
"Lapte de consum integral 3,5% Kaufland",1,1,1,0,62,3,3.5,4.7,0
Lapte de iapa,1,1,1,0,42,2.1,0.6,6.7,0
Lapte de oaie,1,1,1,0,113,6.1,7.2,5,0
Lapte de soia bio Pascual ,1,1,1,0,44,3.1,1.7,4.1,0.5
Lapte de soia Hacendado,1,1,1,0,30,3.1,1.7,0.6,0.2
"Lapte de vaca 0,1%",1,1,1,0,35.7,3.4,0.1,5.3,0
"Lapte de vaca 1,5%",1,1,1,0,50,3.4,1.5,5.3,0
Lapte de vaca 3%,1,1,1,0,62,3.4,2.8,5.3,0
"Lapte de vaca 3,6%  Asturiana",1,1,1,0,63,3.1,3.6,4.6,0
"Lapte de vaca degresat 0,3% Asturiana",1,1,1,0,34,3.2,0.3,4.7,0
"Lapte de vaca gras, pasteurizat",1,1,1,0,69,3.4,3.6,5.3,0
"Lapte degresat  0,1% Lacta",1,1,1,0,30,3.2,0.1,4.3,0
"Lapte degresat 0,1% Auzu",1,1,1,0,31,3.2,0.1,4.5,0
"Lapte degresat 0,2% Asturiana",1,1,1,0,34,3.2,0.2,4.7,0
"Lapte degresat LaDorna 0,1%",1,1,1,0,32,3.2,0.1,4.5,0
"Lapte din Alpi 1,5% Muller",1,1,1,0,47,3.5,1.5,4.9,0
"Lapte dulce 3,2% Pilos",1,1,1,0,60,3.1,3.2,4.7,0
"Lapte ecologic 1,5% Bioland",1,1,1,0,46,3.4,1.5,4.8,0
"Lapte ecologic 3,5 % LaDorna",1,1,1,0,62,3.2,3.5,4.5,0
"Lapte ecologic 3,5% Bioland",1,1,1,0,64,3.3,3.5,4.7,0
"Lapte fara lactoza 1,5% Milbona Lidl",1,1,1,0,48,3.5,3.8,5,0
Lapte frappe 2% Premio Unicarm,1,1,1,0,68,2.8,2,9.8,0
"Lapte integral conservat 3,5% UHT Alpa",1,1,1,0,64,3.3,3.5,4.8,0
"Lapte integral standardizat 3,5% Vio",1,1,1,0,62,3.3,3.5,4.3,0
"Lapte integral Zuzu 3,5%",1,1,1,0,62,3.2,3.5,4.5,0
Lapte LaDorna 1% LadyMilk,1,1,1,0,38.6,3.2,1,4.2,0
Lapte pasteurizat 0.1% Natura,1,1,1,0,25,3,0.1,4.5,0
Lapte pentru cafea,1,1,1,0,174,3.3,15,4.9,0
Lapte pentru cafea 10% Completa,1,1,1,0,120,3,10,4.1,0
Lapte pentru cafea Tip,1,1,1,0,118,3.1,10,4,0
Lapte praf  Milumil 1,1,1,1,0,485,9.7,24.7,54.1,4.1
Lapte praf 3 prebiotic Humana,1,1,1,0,483,11,23.5,55.6,0
Lapte praf cu zahar,1,1,1,0,325,8.5,7,54.9,0
Lapte praf integral 26% grasime Clever,1,1,1,0,486,26,26,37,0
Lapte praf integral Dr. Oetker,1,1,1,0,490,26,26,38,0
Lapte praf partial degresat  Aristocrat,1,1,1,0,370,15,15,35,0
"Lapte praf, fara zahar",1,1,1,0,139,7,7.5,9.8,0
"Lapte praf, gras",1,1,1,0,507,25.5,27,37,0
"Lapte praf, slab",1,1,1,0,373,36,2,50.3,0
"Lapte proaspat 0,5% Tnuva Slim",1,1,1,0,36,3.4,0.5,4.5,0
"Lapte proaspat 1,8% Gusturi Romanesti",1,1,1,0,44,3,1.8,4.4,0
"Lapte proaspat 1,8% Natura",1,1,1,0,41,3.6,1.8,4.5,0
Lapte proaspat 3% Natura,1,1,1,0,51,3,3,4.5,0
"Lapte semidegresat 1,5% Brenac",1,1,1,0,43.9,2.9,1.5,4.7,0
"Lapte semidegresat 1,5% LaDorna",1,1,1,0,45,3.2,1.5,4.6,0
"Lapte semidegresat 1,6% Puleva",1,1,1,0,45,3,1.6,4.5,0
"Lapte semidegresat 1,7 % Ram",1,1,1,0,46,3.1,1.7,4.7,0
"Lapte semidegresat 1,8 % grasime LaDorna",1,1,1,0,48.9,3.2,1.8,4.5,0
"Lapte semidegresat 1,8% Sim",1,1,1,0,47,3.2,1.8,4.5,0
"Lapte semidegresat 1,8% Vio",1,1,1,0,53,3.5,1.8,4.9,0
"Lapte semidegresat conservat 1,5% UHT Alpa",1,1,1,0,46,3.4,1.5,4.8,0
"Lapte semidegresat UHT 1,5% Winny",1,1,1,0,39,1.6,1.5,4.7,0
"Lapte semidegresat Zuzu 1,5%",1,1,1,0,45,3.4,1.5,4.5,0
Lapte si cacao cu gust de ciocolata Fulga,1,1,1,0,44,2.9,1,6,0
"Lapte UHT 1,5% Allelat",1,1,1,0,44,3,1.5,4.7,0
"Lapte UHT 1,5% Laptina",1,1,1,0,44,3.1,1.5,4.6,0
"Lapte UHT integral 3,5% La Dorna",1,1,1,0,62,3.2,3.5,4.5,0
"Lapte UTH  degresat 0,1% Fulga",1,1,1,0,31.7,3.2,0.1,4.5,0
Lapte UTH  integral 3.5% Fulga,1,1,1,0,60.5,3.2,3.5,4.5,0
"Lapte UTH  semidegresat 1,5% Fulga",1,1,1,0,44.3,3.2,1.5,4.5,0
"Lapte UTH  semidegresat 1,8% Fulga",1,1,1,0,47,3.2,1.8,4.5,0
"Lapte1,5% Milblu K Classic",1,1,1,0,45,3.4,1.5,4.5,0
"Laptic pt scolari 1,8%  LaDorna",1,1,1,0,47,3.2,1.8,4.5,0
Mini desert cu afine Muller,1,1,1,0,146,2.7,7.9,15,0
Mozzarella de bivolita Mandara,1,1,1,0,283,13.5,25,1,0
Orez cu lapte Auchan,1,1,1,0,139,1.7,3.5,25,0.1
Perle de branza Exquisa,1,1,1,0,97,13,4.3,1.5,0
"Sana 0,1% light Monor",1,1,1,0,32.7,3.3,0.1,4.4,0
"Sana 0,8%  cu visine Napolact",1,1,1,0,64,2.9,0.8,11.3,0
Sana 2% No.1 Carrefour,1,1,1,0,49.6,3.2,2,4.7,0
"Sana 2,5 % Almsana",1,1,1,0,65,3.2,2.5,4,0
"Sana 2,5% Galacta",1,1,1,0,50.5,3,2.5,4,0
"Sana 2,5% Margareto",1,1,1,0,54,3.2,2.5,4.7,0
Sana 3% Eco Mandruta,1,1,1,0,47,3.2,3,4,0
"Sana 3,5% Five Continents",1,1,1,0,60,3,3.5,4,0
"Sana 3,5% Napolact prilej de ragaz ",1,1,1,0,62,3.5,3.5,4,0
"Sana 3,5% Nutriday Danone",1,1,1,0,62,3.5,3.5,3.8,0
"Sana 3,5% Sim",1,1,1,0,61,3.2,3.5,0,0
"Sana 3,5% Unicarm",1,1,1,0,62,3.2,3.5,4,0
"Sana 3,6% Boni",1,1,1,0,59.6,3.3,3.6,3.5,0
"Sana 3,6% Carrefour",1,1,1,0,63.2,3.2,3.6,4.5,0
"Sana 3,6% Covalact",1,1,1,0,62,3.3,3.6,4,0
"Sana 3,6% LaDorna",1,1,1,0,64,3.1,3.6,4.7,0
"Sana 3,6% Monor",1,1,1,0,65.5,3.2,3.6,4.5,0
Sana bio activ Big Panda,1,1,1,0,61.2,3.2,3.6,4,0
Sana Bradet,1,1,1,0,57,4,3,3.5,0
Sana cu coacaze Prilej de Ragaz Napolact,1,1,1,0,81,2.5,2.7,11.8,0
Sana cu fructe Tnuva Sana Mea,1,1,1,0,70,3.9,3.6,5.5,0
Sana cu miere si alune de padure Napolact,1,1,1,0,95,2.6,3.4,13.6,0
Sana cu miere si nuci Napolact,1,1,1,0,97,2.7,3.5,13.6,0
Sana fructe Tnuva,1,1,1,0,86,2.9,2,14.1,0
Sana mea cu capsuni Tnuva,1,1,1,0,85,2.9,2,13.9,0
Sana Meridian Agroind,1,1,1,0,55.5,3.2,2.8,4,0
Sana Natura,1,1,1,0,31,4,3.6,4.5,0
Sana omega 3 Milli,1,1,1,0,61,3.3,3.5,4,0
Sana Tnuva,1,1,1,0,70,3.9,3.6,5.5,0
"Sana usoara 0,9% Napolact ",1,1,1,0,38,3.4,0.9,4,0
Sana Valea Stramba,1,1,1,0,62,3.2,3.6,4.2,0
Sana Zuzu,1,1,1,0,48,3.2,2,4.5,0
"Sana Zuzu 3,6%",1,1,1,0,63,3.2,3.6,4.5,0
Telemea de capra bio Kondov,1,0,1,0,295,16.9,24.7,1.4,0
Telemea de oaie 365,1,0,1,0,245,17,21,2,0
Telemea maturata de vaca Milli,1,0,1,0,275,18,22,1,0
